Workbook
Name ___1__123Graph_A圖表_1: '[1]X-R CHART'!$C$46:$AG$46
Name ___2__123Graph_A圖表_2: '[1]X-R CHART'!$C$49:$AG$49
Name ___3__123Graph_B圖表_1: '[1]X-R CHART'!$C$47:$AG$47
Name ___4__123Graph_B圖表_2: '[1]X-R CHART'!$C$50:$AG$50
Name ___5__123Graph_C圖表_1: '[1]X-R CHART'!$C$48:$AG$48
Name ___6__123Graph_C圖表_2: '[1]X-R CHART'!$C$51:$AG$51
Name ___7__123Graph_D圖表_1: '[1]X-R CHART'!$C$16:$M$16
Name ___8__123Graph_D圖表_2: '[1]X-R CHART'!$C$17:$AG$17
Name __1__123Graph_A圖表_1: '[1]X-R CHART'!$C$46:$AG$46
Name __2__123Graph_A圖表_2: '[1]X-R CHART'!$C$49:$AG$49
Name __3__123Graph_B圖表_1: '[1]X-R CHART'!$C$47:$AG$47
Name __4__123Graph_B圖表_2: '[1]X-R CHART'!$C$50:$AG$50
Name __5__123Graph_C圖表_1: '[1]X-R CHART'!$C$48:$AG$48
Name __6__123Graph_C圖表_2: '[1]X-R CHART'!$C$51:$AG$51
Name __7__123Graph_D圖表_1: '[1]X-R CHART'!$C$16:$M$16
Name __8__123Graph_D圖表_2: '[1]X-R CHART'!$C$17:$AG$17
Name _1__123Graph_A圖表_1: '[1]X-R CHART'!$C$46:$AG$46
Name _2__123Graph_A圖表_2: '[1]X-R CHART'!$C$49:$AG$49
Name _3__123Graph_B圖表_1: '[1]X-R CHART'!$C$47:$AG$47
Name _4__123Graph_B圖表_2: '[1]X-R CHART'!$C$50:$AG$50
Name _5__123Graph_C圖表_1: '[1]X-R CHART'!$C$48:$AG$48
Name _6__123Graph_C圖表_2: '[1]X-R CHART'!$C$51:$AG$51
Name _7__123Graph_D圖表_1: '[1]X-R CHART'!$C$16:$M$16
Name _8__123Graph_D圖表_2: '[1]X-R CHART'!$C$17:$AG$17
Name group: {#N/A,#N/A,FALSE,"FA Approval Report ";#N/A,#N/A,FALSE,"FA Data Sheet Full dimension";#N/A,#N/A,FALSE,"FA Data Sheet Cpk"}
Name Group1: {#N/A,#N/A,FALSE,"FA Approval Report ";#N/A,#N/A,FALSE,"FA Data Sheet Full dimension";#N/A,#N/A,FALSE,"FA Data Sheet Cpk"}
Name Group4: {#N/A,#N/A,FALSE,"FA Approval Report ";#N/A,#N/A,FALSE,"FA Data Sheet Full dimension";#N/A,#N/A,FALSE,"FA Data Sheet Cpk"}
Name wrn.FA._.Report.: {#N/A,#N/A,FALSE,"FA Approval Report ";#N/A,#N/A,FALSE,"FA Data Sheet Full dimension";#N/A,#N/A,FALSE,"FA Data Sheet Cpk"}
Name 区分: #REF!

Sheet dcr
P1: when submit, please delete these info
D2: RGO NET name and pin assign | I2: ERS spec | L2: 3 sigma spec | N2: On machine | P2: our jig pin No correlated with RGO assignment | AZ2: Measured Value
D3: Net name | E3: pin1 | G3: pin2 | I3: Nominal | J3: LSL | K3: USL | L3: LSL | M3: USL | N3: LSL | O3: USL | P3: Gr1 | T3: Gr2 | X3: Gr3 | AB3: Gr4 | AF3: Gr5 | AJ3: Gr6 | AN3: Gr7 | AR3: Gr8 | AV3: Gr9 | AZ3: 1 | BA3: 2 | BB3: 3 | BC3: 4 | BD3: 5 | BE3: 6 | BF3: 7 | BG3: 8 | BH3: 9 | BI3: 10 | BJ3: 11 | BK3: 12 | BL3: 13 | BM3: 14 | BN3: 15 | BO3: 16 | BP3: 17 | BQ3: 18 | BR3: 19 | BS3: 20 | BT3: 21 | BU3: 22 | BV3: 23 | BW3: 24 | BX3: 25 | BY3: 26 | BZ3: 27 | CA3: 28 | CB3: 29 | CC3: 30 | CD3: 31 | CE3: 32 | CF3: 33 | CG3: 34 | CH3: 35 | CI3: 36 | CJ3: 37 | CK3: 38 | CL3: 39 | CM3: 40 | CN3: 41 | CO3: 42 | CP3: 43 | CQ3: 44 | CR3: 45 | CS3: 46 | CT3: 47 | CU3: 48 | CV3: 49 | CW3: 50 | CX3: 51 | CY3: 52 | CZ3: 53 | DA3: 54 | DB3: 55 | DC3: 56 | DD3: 57 | DE3: 58 | DF3: 59 | DG3: 60 | DH3: 61 | DI3: 62 | DJ3: 63 | DK3: 64 | DL3: 65 | DM3: 66 | DN3: 67 | DO3: 68 | DP3: 69 | DQ3: 70 | DR3: 71 | DS3: 72 | DT3: 73 | DU3: 74 | DV3: 75 | DW3: 76 | DX3: 77 | DY3: 78 | DZ3: 79 | EA3: 80 | EB3: 81 | EC3: 82 | ED3: 83 | EE3: 84 | EF3: 85 | EG3: 86 | EH3: 87 | EI3: 88 | EJ3: 89 | EK3: 90 | EL3: 91 | EM3: 92 | EN3: 93 | EO3: 94 | EP3: 95 | EQ3: 96 | ER3: 97 | ES3: 98 | ET3: 99 | EU3: 100
A4: =Q4&S4 -> 205050 | B4: =E4&"."&F4&G4&"."&H4 -> J_TELE.1U0200.25 | C4: 1 | D4: PPVAR_TELE_PVDD_AF_CONN | E4: J_TELE | F4: 1 | G4: U0200 | H4: 25 | I4: =VLOOKUP(B4, vendor!$A$10:$Q$28,15,0) -> 223.75133 | J4: =VLOOKUP(B4, vendor!$A$10:$Q$28,17,0) -> 162.7715 | K4: =VLOOKUP(B4, vendor!$A$10:$Q$28,16,0) -> 315.4005 | L4: 218 | M4: 247 | N4: 218 | O4: 247 | P4: 2049 | Q4: 2050 | R4: 49 | S4: 50 | T4: 2099 | U4: 2100 | V4: 119 | W4: 120 | X4: 2149 | Y4: 2150 | Z4: 189 | AA4: 190 | AB4: 2199 | AC4: 2200 | AD4: 259 | AE4: 260 | AF4: 2249 | AG4: 2250 | AH4: 329 | AI4: 330 | AJ4: 2299 | AK4: 2300 | AL4: 399 | AM4: 400 | AN4: 2349 | AO4: 2350 | AP4: 469 | AQ4: 470 | AR4: 3073 | AS4: 3074 | AT4: 1073 | AU4: 1074 | AV4: 3123 | AW4: 3124 | AX4: 1143 | AY4: 1144 | AZ4: 3173 | BA4: 3174 | BB4: 1213 | BC4: 1214 | BD4: 3223 | BE4: 3224 | BF4: 1283 | BG4: 1284 | BH4: 3273 | BI4: 3274 | BJ4: 1353 | BK4: 1354 | BL4: 3323 | BM4: 3324 | BN4: 1423 | BO4: 1424 | BP4: 3373 | BQ4: 3374 | BR4: 1493 | BS4: 1494
A5: =Q5&S5 -> 205244 | B5: =E5&"."&F5&G5&"."&H5 -> J_TELE.2U0200.22 | C5: 2 | D5: I2C0_CAM_PMU2_SCL_1V8 | E5: J_TELE | F5: 2 | G5: U0200 | H5: 22 | I5: =VLOOKUP(B5, vendor!$A$10:$Q$28,15,0) -> 1974.0056 | J5: =VLOOKUP(B5, vendor!$A$10:$Q$28,17,0) -> 1226.8341 | K5: =VLOOKUP(B5, vendor!$A$10:$Q$28,16,0) -> 3547.1402 | L5: 1603 | M5: 2642 | N5: 1603 | O5: 2642 | P5: 2051 | Q5: 2052 | R5: 43 | S5: 44 | T5: 2101 | U5: 2102 | V5: 113 | W5: 114 | X5: 2151 | Y5: 2152 | Z5: 183 | AA5: 184 | AB5: 2201 | AC5: 2202 | AD5: 253 | AE5: 254 | AF5: 2251 | AG5: 2252 | AH5: 323 | AI5: 324 | AJ5: 2301 | AK5: 2302 | AL5: 393 | AM5: 394 | AN5: 2351 | AO5: 2352 | AP5: 463 | AQ5: 464 | AR5: 3075 | AS5: 3076 | AT5: 1067 | AU5: 1068 | AV5: 3125 | AW5: 3126 | AX5: 1137 | AY5: 1138 | AZ5: 3175 | BA5: 3176 | BB5: 1207 | BC5: 1208 | BD5: 3225 | BE5: 3226 | BF5: 1277 | BG5: 1278 | BH5: 3275 | BI5: 3276 | BJ5: 1347 | BK5: 1348 | BL5: 3325 | BM5: 3326 | BN5: 1417 | BO5: 1418 | BP5: 3375 | BQ5: 3376 | BR5: 1487 | BS5: 1488
A6: =Q6&S6 -> 205448 | B6: =E6&"."&F6&G6&"."&H6 -> J_TELE.3U0200.24 | C6: 3 | D6: PP1V91_TELE_VDDIO_CONN | E6: J_TELE | F6: 3 | G6: U0200 | H6: 24 | I6: =VLOOKUP(B6, vendor!$A$10:$Q$28,15,0) -> 1244.3811 | J6: =VLOOKUP(B6, vendor!$A$10:$Q$28,17,0) -> 780.91931 | K6: =VLOOKUP(B6, vendor!$A$10:$Q$28,16,0) -> 2167.6864 | L6: 1115 | M6: 1503 | N6: 1115 | O6: 1503 | P6: 2053 | Q6: 2054 | R6: 47 | S6: 48 | T6: 2103 | U6: 2104 | V6: 117 | W6: 118 | X6: 2153 | Y6: 2154 | Z6: 187 | AA6: 188 | AB6: 2203 | AC6: 2204 | AD6: 257 | AE6: 258 | AF6: 2253 | AG6: 2254 | AH6: 327 | AI6: 328 | AJ6: 2303 | AK6: 2304 | AL6: 397 | AM6: 398 | AN6: 2353 | AO6: 2354 | AP6: 467 | AQ6: 468 | AR6: 3077 | AS6: 3078 | AT6: 1071 | AU6: 1072 | AV6: 3127 | AW6: 3128 | AX6: 1141 | AY6: 1142 | AZ6: 3177 | BA6: 3178 | BB6: 1211 | BC6: 1212 | BD6: 3227 | BE6: 3228 | BF6: 1281 | BG6: 1282 | BH6: 3277 | BI6: 3278 | BJ6: 1351 | BK6: 1352 | BL6: 3327 | BM6: 3328 | BN6: 1421 | BO6: 1422 | BP6: 3377 | BQ6: 3378 | BR6: 1491 | BS6: 1492
A7: =Q7&S7 -> 205846 | B7: =E7&"."&F7&G7&"."&H7 -> J_TELE.5U0200.23 | C7: 4 | D7: I2C0_CAM_PMU2_SDA_1V8 | E7: J_TELE | F7: 5 | G7: U0200 | H7: 23 | I7: =VLOOKUP(B7, vendor!$A$10:$Q$28,15,0) -> 2033.4002 | J7: =VLOOKUP(B7, vendor!$A$10:$Q$28,17,0) -> 1262.9662 | K7: =VLOOKUP(B7, vendor!$A$10:$Q$28,16,0) -> 3655.3378 | L7: 1646 | M7: 2717 | N7: 1646 | O7: 2717 | P7: 2057 | Q7: 2058 | R7: 45 | S7: 46 | T7: 2107 | U7: 2108 | V7: 115 | W7: 116 | X7: 2157 | Y7: 2158 | Z7: 185 | AA7: 186 | AB7: 2207 | AC7: 2208 | AD7: 255 | AE7: 256 | AF7: 2257 | AG7: 2258 | AH7: 325 | AI7: 326 | AJ7: 2307 | AK7: 2308 | AL7: 395 | AM7: 396 | AN7: 2357 | AO7: 2358 | AP7: 465 | AQ7: 466 | AR7: 3081 | AS7: 3082 | AT7: 1069 | AU7: 1070 | AV7: 3131 | AW7: 3132 | AX7: 1139 | AY7: 1140 | AZ7: 3181 | BA7: 3182 | BB7: 1209 | BC7: 1210 | BD7: 3231 | BE7: 3232 | BF7: 1279 | BG7: 1280 | BH7: 3281 | BI7: 3282 | BJ7: 1349 | BK7: 1350 | BL7: 3331 | BM7: 3332 | BN7: 1419 | BO7: 1420 | BP7: 3381 | BQ7: 3382 | BR7: 1489 | BS7: 1490
A8: =Q8&S8 -> 206028 | B8: =E8&"."&F8&G8&"."&H8 -> J_TELE.6U0200.14 | C8: 5 | D8: 85_LPDP_ISP_FROM_TELE_RX_D2_CONN_N | E8: J_TELE | F8: 6 | G8: U0200 | H8: 14 | I8: =VLOOKUP(B8, vendor!$A$10:$Q$28,15,0) -> 1934.3551 | J8: =VLOOKUP(B8, vendor!$A$10:$Q$28,17,0) -> 1202.784 | K8: =VLOOKUP(B8, vendor!$A$10:$Q$28,16,0) -> 3488.5586 | L8: 1551 | M8: 2705 | N8: 1551 | O8: 2705 | P8: 2059 | Q8: 2060 | R8: 27 | S8: 28 | T8: 2109 | U8: 2110 | V8: 97 | W8: 98 | X8: 2159 | Y8: 2160 | Z8: 167 | AA8: 168 | AB8: 2209 | AC8: 2210 | AD8: 237 | AE8: 238 | AF8: 2259 | AG8: 2260 | AH8: 307 | AI8: 308 | AJ8: 2309 | AK8: 2310 | AL8: 377 | AM8: 378 | AN8: 2359 | AO8: 2360 | AP8: 447 | AQ8: 448 | AR8: 3083 | AS8: 3084 | AT8: 1051 | AU8: 1052 | AV8: 3133 | AW8: 3134 | AX8: 1121 | AY8: 1122 | AZ8: 3183 | BA8: 3184 | BB8: 1191 | BC8: 1192 | BD8: 3233 | BE8: 3234 | BF8: 1261 | BG8: 1262 | BH8: 3283 | BI8: 3284 | BJ8: 1331 | BK8: 1332 | BL8: 3333 | BM8: 3334 | BN8: 1401 | BO8: 1402 | BP8: 3383 | BQ8: 3384 | BR8: 1471 | BS8: 1472
A9: =Q9&S9 -> 206240 | B9: =E9&"."&F9&G9&"."&H9 -> J_TELE.7U0200.20 | C9: 6 | D9: PP2V33_TELE_AVDD2_CONN | E9: J_TELE | F9: 7 | G9: U0200 | H9: 20 | I9: =VLOOKUP(B9, vendor!$A$10:$Q$28,15,0) -> 809.44327 | J9: =VLOOKUP(B9, vendor!$A$10:$Q$28,17,0) -> 510.61888 | K9: =VLOOKUP(B9, vendor!$A$10:$Q$28,16,0) -> 1386.1815 | L9: 761 | M9: 934 | N9: 761 | O9: 934 | P9: 2061 | Q9: 2062 | R9: 39 | S9: 40 | T9: 2111 | U9: 2112 | V9: 109 | W9: 110 | X9: 2161 | Y9: 2162 | Z9: 179 | AA9: 180 | AB9: 2211 | AC9: 2212 | AD9: 249 | AE9: 250 | AF9: 2261 | AG9: 2262 | AH9: 319 | AI9: 320 | AJ9: 2311 | AK9: 2312 | AL9: 389 | AM9: 390 | AN9: 2361 | AO9: 2362 | AP9: 459 | AQ9: 460 | AR9: 3085 | AS9: 3086 | AT9: 1063 | AU9: 1064 | AV9: 3135 | AW9: 3136 | AX9: 1133 | AY9: 1134 | AZ9: 3185 | BA9: 3186 | BB9: 1203 | BC9: 1204 | BD9: 3235 | BE9: 3236 | BF9: 1273 | BG9: 1274 | BH9: 3285 | BI9: 3286 | BJ9: 1343 | BK9: 1344 | BL9: 3335 | BM9: 3336 | BN9: 1413 | BO9: 1414 | BP9: 3385 | BQ9: 3386 | BR9: 1483 | BS9: 1484
A10: =Q10&S10 -> 206426 | B10: =E10&"."&F10&G10&"."&H10 -> J_TELE.8U0200.13 | C10: 7 | D10: 85_LPDP_ISP_FROM_TELE_RX_D2_CONN_P | E10: J_TELE | F10: 8 | G10: U0200 | H10: 13 | I10: =VLOOKUP(B10, vendor!$A$10:$Q$28,15,0) -> 1933.6592 | J10: =VLOOKUP(B10, vendor!$A$10:$Q$28,17,0) -> 1202.4945 | K10: =VLOOKUP(B10, vendor!$A$10:$Q$28,16,0) -> 3486.518 | L10: 1552 | M10: 2705 | N10: 1552 | O10: 2705 | P10: 2063 | Q10: 2064 | R10: 25 | S10: 26 | T10: 2113 | U10: 2114 | V10: 95 | W10: 96 | X10: 2163 | Y10: 2164 | Z10: 165 | AA10: 166 | AB10: 2213 | AC10: 2214 | AD10: 235 | AE10: 236 | AF10: 2263 | AG10: 2264 | AH10: 305 | AI10: 306 | AJ10: 2313 | AK10: 2314 | AL10: 375 | AM10: 376 | AN10: 2363 | AO10: 2364 | AP10: 445 | AQ10: 446 | AR10: 3087 | AS10: 3088 | AT10: 1049 | AU10: 1050 | AV10: 3137 | AW10: 3138 | AX10: 1119 | AY10: 1120 | AZ10: 3187 | BA10: 3188 | BB10: 1189 | BC10: 1190 | BD10: 3237 | BE10: 3238 | BF10: 1259 | BG10: 1260 | BH10: 3287 | BI10: 3288 | BJ10: 1329 | BK10: 1330 | BL10: 3337 | BM10: 3338 | BN10: 1399 | BO10: 1400 | BP10: 3387 | BQ10: 3388 | BR10: 1469 | BS10: 1470
A11: =Q11&S11 -> 206636 | B11: =E11&"."&F11&G11&"."&H11 -> J_TELE.9U0200.18 | C11: 8 | D11: PP3V2_TELE_AVDD1_CONN | E11: J_TELE | F11: 9 | G11: U0200 | H11: 18 | I11: =VLOOKUP(B11, vendor!$A$10:$Q$28,15,0) -> 324.65375 | J11: =VLOOKUP(B11, vendor!$A$10:$Q$28,17,0) -> 224.02925 | K11: =VLOOKUP(B11, vendor!$A$10:$Q$28,16,0) -> 495.21681 | L11: 314 | M11: 364 | N11: 314 | O11: 364 | P11: 2065 | Q11: 2066 | R11: 35 | S11: 36 | T11: 2115 | U11: 2116 | V11: 105 | W11: 106 | X11: 2165 | Y11: 2166 | Z11: 175 | AA11: 176 | AB11: 2215 | AC11: 2216 | AD11: 245 | AE11: 246 | AF11: 2265 | AG11: 2266 | AH11: 315 | AI11: 316 | AJ11: 2315 | AK11: 2316 | AL11: 385 | AM11: 386 | AN11: 2365 | AO11: 2366 | AP11: 455 | AQ11: 456 | AR11: 3089 | AS11: 3090 | AT11: 1059 | AU11: 1060 | AV11: 3139 | AW11: 3140 | AX11: 1129 | AY11: 1130 | AZ11: 3189 | BA11: 3190 | BB11: 1199 | BC11: 1200 | BD11: 3239 | BE11: 3240 | BF11: 1269 | BG11: 1270 | BH11: 3289 | BI11: 3290 | BJ11: 1339 | BK11: 1340 | BL11: 3339 | BM11: 3340 | BN11: 1409 | BO11: 1410 | BP11: 3389 | BQ11: 3390 | BR11: 1479 | BS11: 1480
A12: =Q12&S12 -> 206638 | B12: =E12&"."&F12&G12&"."&H12 -> J_TELE.9U0200.19 | C12: 9 | D12: PP3V2_TELE_AVDD1_CONN | E12: J_TELE | F12: 9 | G12: U0200 | H12: 19 | L12: 313 | M12: 364 | N12: 313 | O12: 364 | P12: 2065 | Q12: 2066 | R12: 37 | S12: 38 | T12: 2115 | U12: 2116 | V12: 107 | W12: 108 | X12: 2165 | Y12: 2166 | Z12: 177 | AA12: 178 | AB12: 2215 | AC12: 2216 | AD12: 247 | AE12: 248 | AF12: 2265 | AG12: 2266 | AH12: 317 | AI12: 318 | AJ12: 2315 | AK12: 2316 | AL12: 387 | AM12: 388 | AN12: 2365 | AO12: 2366 | AP12: 457 | AQ12: 458 | AR12: 3089 | AS12: 3090 | AT12: 1061 | AU12: 1062 | AV12: 3139 | AW12: 3140 | AX12: 1131 | AY12: 1132 | AZ12: 3189 | BA12: 3190 | BB12: 1201 | BC12: 1202 | BD12: 3239 | BE12: 3240 | BF12: 1271 | BG12: 1272 | BH12: 3289 | BI12: 3290 | BJ12: 1341 | BK12: 1342 | BL12: 3339 | BM12: 3340 | BN12: 1411 | BO12: 1412 | BP12: 3389 | BQ12: 3390 | BR12: 1481 | BS12: 1482
A13: =Q13&S13 -> 207032 | B13: =E13&"."&F13&G13&"."&H13 -> J_TELE.11U0200.16 | C13: 10 | D13: GPIO_CAMS_TO_STROBE_TRIGGER_1V8 | E13: J_TELE | F13: 11 | G13: U0200 | H13: 16 | I13: =VLOOKUP(B13, vendor!$A$10:$Q$28,15,0) -> 1968.1463 | J13: =VLOOKUP(B13, vendor!$A$10:$Q$28,17,0) -> 1222.6648 | K13: =VLOOKUP(B13, vendor!$A$10:$Q$28,16,0) -> 3534.787 | L13: 1580 | M13: 2643 | N13: 1580 | O13: 2643 | P13: 2069 | Q13: 2070 | R13: 31 | S13: 32 | T13: 2119 | U13: 2120 | V13: 101 | W13: 102 | X13: 2169 | Y13: 2170 | Z13: 171 | AA13: 172 | AB13: 2219 | AC13: 2220 | AD13: 241 | AE13: 242 | AF13: 2269 | AG13: 2270 | AH13: 311 | AI13: 312 | AJ13: 2319 | AK13: 2320 | AL13: 381 | AM13: 382 | AN13: 2369 | AO13: 2370 | AP13: 451 | AQ13: 452 | AR13: 3093 | AS13: 3094 | AT13: 1055 | AU13: 1056 | AV13: 3143 | AW13: 3144 | AX13: 1125 | AY13: 1126 | AZ13: 3193 | BA13: 3194 | BB13: 1195 | BC13: 1196 | BD13: 3243 | BE13: 3244 | BF13: 1265 | BG13: 1266 | BH13: 3293 | BI13: 3294 | BJ13: 1335 | BK13: 1336 | BL13: 3343 | BM13: 3344 | BN13: 1405 | BO13: 1406 | BP13: 3393 | BQ13: 3394 | BR13: 1475 | BS13: 1476
A14: =Q14&S14 -> 207222 | B14: =E14&"."&F14&G14&"."&H14 -> J_TELE.12U0200.11 | C14: 11 | D14: 85_LPDP_ISP_FROM_TELE_RX_D1_CONN_N | E14: J_TELE | F14: 12 | G14: U0200 | H14: 11 | I14: =VLOOKUP(B14, vendor!$A$10:$Q$28,15,0) -> 1907.3318 | J14: =VLOOKUP(B14, vendor!$A$10:$Q$28,17,0) -> 1185.7905 | K14: =VLOOKUP(B14, vendor!$A$10:$Q$28,16,0) -> 3441.1932 | L14: 1531 | M14: 2654 | N14: 1531 | O14: 2654 | P14: 2071 | Q14: 2072 | R14: 21 | S14: 22 | T14: 2121 | U14: 2122 | V14: 91 | W14: 92 | X14: 2171 | Y14: 2172 | Z14: 161 | AA14: 162 | AB14: 2221 | AC14: 2222 | AD14: 231 | AE14: 232 | AF14: 2271 | AG14: 2272 | AH14: 301 | AI14: 302 | AJ14: 2321 | AK14: 2322 | AL14: 371 | AM14: 372 | AN14: 2371 | AO14: 2372 | AP14: 441 | AQ14: 442 | AR14: 3095 | AS14: 3096 | AT14: 1045 | AU14: 1046 | AV14: 3145 | AW14: 3146 | AX14: 1115 | AY14: 1116 | AZ14: 3195 | BA14: 3196 | BB14: 1185 | BC14: 1186 | BD14: 3245 | BE14: 3246 | BF14: 1255 | BG14: 1256 | BH14: 3295 | BI14: 3296 | BJ14: 1325 | BK14: 1326 | BL14: 3345 | BM14: 3346 | BN14: 1395 | BO14: 1396 | BP14: 3395 | BQ14: 3396 | BR14: 1465 | BS14: 1466
A15: =Q15&S15 -> 20746 | B15: =E15&"."&F15&G15&"."&H15 -> J_TELE.13U0200.3 | C15: 12 | D15: GPIO_CAM_PMU1_TO_TELE_SHDN_1V8_L | E15: J_TELE | F15: 13 | G15: U0200 | H15: 3 | I15: =VLOOKUP(B15, vendor!$A$10:$Q$28,15,0) -> 2001.9336 | J15: =VLOOKUP(B15, vendor!$A$10:$Q$28,17,0) -> 1244.4436 | K15: =VLOOKUP(B15, vendor!$A$10:$Q$28,16,0) -> 3592.6463 | L15: 1630 | M15: 2682 | N15: 1630 | O15: 2682 | P15: 2073 | Q15: 2074 | R15: 5 | S15: 6 | T15: 2123 | U15: 2124 | V15: 75 | W15: 76 | X15: 2173 | Y15: 2174 | Z15: 145 | AA15: 146 | AB15: 2223 | AC15: 2224 | AD15: 215 | AE15: 216 | AF15: 2273 | AG15: 2274 | AH15: 285 | AI15: 286 | AJ15: 2323 | AK15: 2324 | AL15: 355 | AM15: 356 | AN15: 2373 | AO15: 2374 | AP15: 425 | AQ15: 426 | AR15: 3097 | AS15: 3098 | AT15: 1029 | AU15: 1030 | AV15: 3147 | AW15: 3148 | AX15: 1099 | AY15: 1100 | AZ15: 3197 | BA15: 3198 | BB15: 1169 | BC15: 1170 | BD15: 3247 | BE15: 3248 | BF15: 1239 | BG15: 1240 | BH15: 3297 | BI15: 3298 | BJ15: 1309 | BK15: 1310 | BL15: 3347 | BM15: 3348 | BN15: 1379 | BO15: 1380 | BP15: 3397 | BQ15: 3398 | BR15: 1449 | BS15: 1450
A16: =Q16&S16 -> 207620 | B16: =E16&"."&F16&G16&"."&H16 -> J_TELE.14U0200.10 | C16: 13 | D16: 85_LPDP_ISP_FROM_TELE_RX_D1_CONN_P | E16: J_TELE | F16: 14 | G16: U0200 | H16: 10 | I16: =VLOOKUP(B16, vendor!$A$10:$Q$28,15,0) -> 1906.9279 | J16: =VLOOKUP(B16, vendor!$A$10:$Q$28,17,0) -> 1185.9061 | K16: =VLOOKUP(B16, vendor!$A$10:$Q$28,16,0) -> 3438.9502 | L16: 1530 | M16: 2655 | N16: 1530 | O16: 2655 | P16: 2075 | Q16: 2076 | R16: 19 | S16: 20 | T16: 2125 | U16: 2126 | V16: 89 | W16: 90 | X16: 2175 | Y16: 2176 | Z16: 159 | AA16: 160 | AB16: 2225 | AC16: 2226 | AD16: 229 | AE16: 230 | AF16: 2275 | AG16: 2276 | AH16: 299 | AI16: 300 | AJ16: 2325 | AK16: 2326 | AL16: 369 | AM16: 370 | AN16: 2375 | AO16: 2376 | AP16: 439 | AQ16: 440 | AR16: 3099 | AS16: 3100 | AT16: 1043 | AU16: 1044 | AV16: 3149 | AW16: 3150 | AX16: 1113 | AY16: 1114 | AZ16: 3199 | BA16: 3200 | BB16: 1183 | BC16: 1184 | BD16: 3249 | BE16: 3250 | BF16: 1253 | BG16: 1254 | BH16: 3299 | BI16: 3300 | BJ16: 1323 | BK16: 1324 | BL16: 3349 | BM16: 3350 | BN16: 1393 | BO16: 1394 | BP16: 3399 | BQ16: 3400 | BR16: 1463 | BS16: 1464
A17: =Q17&S17 -> 207810 | B17: =E17&"."&F17&G17&"."&H17 -> J_TELE.15U0200.5 | C17: 14 | D17: CLK_CAM_PMU1_TO_TELE_24M_1V8_CONN | E17: J_TELE | F17: 15 | G17: U0200 | H17: 5 | I17: =VLOOKUP(B17, vendor!$A$10:$Q$28,15,0) -> 1985.8283 | J17: =VLOOKUP(B17, vendor!$A$10:$Q$28,17,0) -> 1234.0543 | K17: =VLOOKUP(B17, vendor!$A$10:$Q$28,16,0) -> 3566.9959 | L17: 1587 | M17: 2614 | N17: 1587 | O17: 2614 | P17: 2077 | Q17: 2078 | R17: 9 | S17: 10 | T17: 2127 | U17: 2128 | V17: 79 | W17: 80 | X17: 2177 | Y17: 2178 | Z17: 149 | AA17: 150 | AB17: 2227 | AC17: 2228 | AD17: 219 | AE17: 220 | AF17: 2277 | AG17: 2278 | AH17: 289 | AI17: 290 | AJ17: 2327 | AK17: 2328 | AL17: 359 | AM17: 360 | AN17: 2377 | AO17: 2378 | AP17: 429 | AQ17: 430 | AR17: 3101 | AS17: 3102 | AT17: 1033 | AU17: 1034 | AV17: 3151 | AW17: 3152 | AX17: 1103 | AY17: 1104 | AZ17: 3201 | BA17: 3202 | BB17: 1173 | BC17: 1174 | BD17: 3251 | BE17: 3252 | BF17: 1243 | BG17: 1244 | BH17: 3301 | BI17: 3302 | BJ17: 1313 | BK17: 1314 | BL17: 3351 | BM17: 3352 | BN17: 1383 | BO17: 1384 | BP17: 3401 | BQ17: 3402 | BR17: 1453 | BS17: 1454
A18: =Q18&S18 -> 20828 | B18: =E18&"."&F18&G18&"."&H18 -> J_TELE.17U0200.4 | C18: 15 | D18: IO_RCAM_TO_MANY_SYNC_1V8 | E18: J_TELE | F18: 17 | G18: U0200 | H18: 4 | I18: =VLOOKUP(B18, vendor!$A$10:$Q$28,15,0) -> 2002.4622 | J18: =VLOOKUP(B18, vendor!$A$10:$Q$28,17,0) -> 1244.0363 | K18: =VLOOKUP(B18, vendor!$A$10:$Q$28,16,0) -> 3598.3501 | L18: 1616 | M18: 2660 | N18: 1616 | O18: 2660 | P18: 2081 | Q18: 2082 | R18: 7 | S18: 8 | T18: 2131 | U18: 2132 | V18: 77 | W18: 78 | X18: 2181 | Y18: 2182 | Z18: 147 | AA18: 148 | AB18: 2231 | AC18: 2232 | AD18: 217 | AE18: 218 | AF18: 2281 | AG18: 2282 | AH18: 287 | AI18: 288 | AJ18: 2331 | AK18: 2332 | AL18: 357 | AM18: 358 | AN18: 2381 | AO18: 2382 | AP18: 427 | AQ18: 428 | AR18: 3105 | AS18: 3106 | AT18: 1031 | AU18: 1032 | AV18: 3155 | AW18: 3156 | AX18: 1101 | AY18: 1102 | AZ18: 3205 | BA18: 3206 | BB18: 1171 | BC18: 1172 | BD18: 3255 | BE18: 3256 | BF18: 1241 | BG18: 1242 | BH18: 3305 | BI18: 3306 | BJ18: 1311 | BK18: 1312 | BL18: 3355 | BM18: 3356 | BN18: 1381 | BO18: 1382 | BP18: 3405 | BQ18: 3406 | BR18: 1451 | BS18: 1452
A19: =Q19&S19 -> 208416 | B19: =E19&"."&F19&G19&"."&H19 -> J_TELE.18U0200.8 | C19: 16 | D19: 85_LPDP_ISP_FROM_TELE_RX_D0_CONN_N | E19: J_TELE | F19: 18 | G19: U0200 | H19: 8 | I19: =VLOOKUP(B19, vendor!$A$10:$Q$28,15,0) -> 1904.1103 | J19: =VLOOKUP(B19, vendor!$A$10:$Q$28,17,0) -> 1183.7276 | K19: =VLOOKUP(B19, vendor!$A$10:$Q$28,16,0) -> 3433.8939 | L19: 1530 | M19: 2645 | N19: 1530 | O19: 2645 | P19: 2083 | Q19: 2084 | R19: 15 | S19: 16 | T19: 2133 | U19: 2134 | V19: 85 | W19: 86 | X19: 2183 | Y19: 2184 | Z19: 155 | AA19: 156 | AB19: 2233 | AC19: 2234 | AD19: 225 | AE19: 226 | AF19: 2283 | AG19: 2284 | AH19: 295 | AI19: 296 | AJ19: 2333 | AK19: 2334 | AL19: 365 | AM19: 366 | AN19: 2383 | AO19: 2384 | AP19: 435 | AQ19: 436 | AR19: 3107 | AS19: 3108 | AT19: 1039 | AU19: 1040 | AV19: 3157 | AW19: 3158 | AX19: 1109 | AY19: 1110 | AZ19: 3207 | BA19: 3208 | BB19: 1179 | BC19: 1180 | BD19: 3257 | BE19: 3258 | BF19: 1249 | BG19: 1250 | BH19: 3307 | BI19: 3308 | BJ19: 1319 | BK19: 1320 | BL19: 3357 | BM19: 3358 | BN19: 1389 | BO19: 1390 | BP19: 3407 | BQ19: 3408 | BR19: 1459 | BS19: 1460
A20: =Q20&S20 -> 20864 | B20: =E20&"."&F20&G20&"."&H20 -> J_TELE.19U0200.2 | C20: 17 | D20: PP1V32_TELE_DVDD_CONN | E20: J_TELE | F20: 19 | G20: U0200 | H20: 2 | I20: =VLOOKUP(B20, vendor!$A$10:$Q$28,15,0) -> 165.65865 | J20: =VLOOKUP(B20, vendor!$A$10:$Q$28,17,0) -> 125.38145 | K20: =VLOOKUP(B20, vendor!$A$10:$Q$28,16,0) -> 224.11051 | L20: 163 | M20: 187 | N20: 163 | O20: 187 | P20: 2085 | Q20: 2086 | R20: 3 | S20: 4 | T20: 2135 | U20: 2136 | V20: 73 | W20: 74 | X20: 2185 | Y20: 2186 | Z20: 143 | AA20: 144 | AB20: 2235 | AC20: 2236 | AD20: 213 | AE20: 214 | AF20: 2285 | AG20: 2286 | AH20: 283 | AI20: 284 | AJ20: 2335 | AK20: 2336 | AL20: 353 | AM20: 354 | AN20: 2385 | AO20: 2386 | AP20: 423 | AQ20: 424 | AR20: 3109 | AS20: 3110 | AT20: 1027 | AU20: 1028 | AV20: 3159 | AW20: 3160 | AX20: 1097 | AY20: 1098 | AZ20: 3209 | BA20: 3210 | BB20: 1167 | BC20: 1168 | BD20: 3259 | BE20: 3260 | BF20: 1237 | BG20: 1238 | BH20: 3309 | BI20: 3310 | BJ20: 1307 | BK20: 1308 | BL20: 3359 | BM20: 3360 | BN20: 1377 | BO20: 1378 | BP20: 3409 | BQ20: 3410 | BR20: 1447 | BS20: 1448
A21: =Q21&S21 -> 208814 | B21: =E21&"."&F21&G21&"."&H21 -> J_TELE.20U0200.7 | C21: 18 | D21: 85_LPDP_ISP_FROM_TELE_RX_D0_CONN_P | E21: J_TELE | F21: 20 | G21: U0200 | H21: 7 | I21: =VLOOKUP(B21, vendor!$A$10:$Q$28,15,0) -> 1904.408 | J21: =VLOOKUP(B21, vendor!$A$10:$Q$28,17,0) -> 1183.9721 | K21: =VLOOKUP(B21, vendor!$A$10:$Q$28,16,0) -> 3434.0656 | L21: 1527 | M21: 2654 | N21: 1527 | O21: 2654 | P21: 2087 | Q21: 2088 | R21: 13 | S21: 14 | T21: 2137 | U21: 2138 | V21: 83 | W21: 84 | X21: 2187 | Y21: 2188 | Z21: 153 | AA21: 154 | AB21: 2237 | AC21: 2238 | AD21: 223 | AE21: 224 | AF21: 2287 | AG21: 2288 | AH21: 293 | AI21: 294 | AJ21: 2337 | AK21: 2338 | AL21: 363 | AM21: 364 | AN21: 2387 | AO21: 2388 | AP21: 433 | AQ21: 434 | AR21: 3111 | AS21: 3112 | AT21: 1037 | AU21: 1038 | AV21: 3161 | AW21: 3162 | AX21: 1107 | AY21: 1108 | AZ21: 3211 | BA21: 3212 | BB21: 1177 | BC21: 1178 | BD21: 3261 | BE21: 3262 | BF21: 1247 | BG21: 1248 | BH21: 3311 | BI21: 3312 | BJ21: 1317 | BK21: 1318 | BL21: 3361 | BM21: 3362 | BN21: 1387 | BO21: 1388 | BP21: 3411 | BQ21: 3412 | BR21: 1457 | BS21: 1458
A22: =Q22&S22 -> 209052 | B22: =E22&"."&F22&G22&"."&H22 -> J_TELE.21U0200.26 | C22: 19 | D22: PPVAR_TELE_PVDD_OIS_CONN | E22: J_TELE | F22: 21 | G22: U0200 | H22: 26 | L22: 111 | M22: 130 | N22: 111 | O22: 130 | P22: 2089 | Q22: 2090 | R22: 51 | S22: 52 | T22: 2139 | U22: 2140 | V22: 121 | W22: 122 | X22: 2189 | Y22: 2190 | Z22: 191 | AA22: 192 | AB22: 2239 | AC22: 2240 | AD22: 261 | AE22: 262 | AF22: 2289 | AG22: 2290 | AH22: 331 | AI22: 332 | AJ22: 2339 | AK22: 2340 | AL22: 401 | AM22: 402 | AN22: 2389 | AO22: 2390 | AP22: 471 | AQ22: 472 | AR22: 3113 | AS22: 3114 | AT22: 1075 | AU22: 1076 | AV22: 3163 | AW22: 3164 | AX22: 1145 | AY22: 1146 | AZ22: 3213 | BA22: 3214 | BB22: 1215 | BC22: 1216 | BD22: 3263 | BE22: 3264 | BF22: 1285 | BG22: 1286 | BH22: 3313 | BI22: 3314 | BJ22: 1355 | BK22: 1356 | BL22: 3363 | BM22: 3364 | BN22: 1425 | BO22: 1426 | BP22: 3413 | BQ22: 3414 | BR22: 1495 | BS22: 1496
A23: =Q23&S23 -> 209252 | B23: =E23&"."&F23&G23&"."&H23 -> J_TELE.22U0200.26 | C23: 20 | D23: PPVAR_TELE_PVDD_OIS_CONN | E23: J_TELE | F23: 22 | G23: U0200 | H23: 26 | I23: =VLOOKUP(B23, vendor!$A$10:$Q$28,15,0) -> 115.83946 | J23: =VLOOKUP(B23, vendor!$A$10:$Q$28,17,0) -> 87.395468 | K23: =VLOOKUP(B23, vendor!$A$10:$Q$28,16,0) -> 157.18715 | L23: 112 | M23: 132 | N23: 112 | O23: 132 | P23: 2091 | Q23: 2092 | R23: 51 | S23: 52 | T23: 2141 | U23: 2142 | V23: 121 | W23: 122 | X23: 2191 | Y23: 2192 | Z23: 191 | AA23: 192 | AB23: 2241 | AC23: 2242 | AD23: 261 | AE23: 262 | AF23: 2291 | AG23: 2292 | AH23: 331 | AI23: 332 | AJ23: 2341 | AK23: 2342 | AL23: 401 | AM23: 402 | AN23: 2391 | AO23: 2392 | AP23: 471 | AQ23: 472 | AR23: 3115 | AS23: 3116 | AT23: 1075 | AU23: 1076 | AV23: 3165 | AW23: 3166 | AX23: 1145 | AY23: 1146 | AZ23: 3215 | BA23: 3216 | BB23: 1215 | BC23: 1216 | BD23: 3265 | BE23: 3266 | BF23: 1285 | BG23: 1286 | BH23: 3315 | BI23: 3316 | BJ23: 1355 | BK23: 1356 | BL23: 3365 | BM23: 3366 | BN23: 1425 | BO23: 1426 | BP23: 3415 | BQ23: 3416 | BR23: 1495 | BS23: 1496
A24: =Q24&S24 -> 20562 | B24: =E24&"."&F24&G24&"."&H24 -> J_TELE.4U0200.1 | C24: 21 | D24: GND | E24: J_TELE | F24: 4 | G24: U0200 | H24: 1 | L24: 17 | M24: 31 | N24: 17 | O24: 31 | P24: 2055 | Q24: 2056 | R24: 1 | S24: 2 | T24: 2105 | U24: 2106 | V24: 71 | W24: 72 | X24: 2155 | Y24: 2156 | Z24: 141 | AA24: 142 | AB24: 2205 | AC24: 2206 | AD24: 211 | AE24: 212 | AF24: 2255 | AG24: 2256 | AH24: 281 | AI24: 282 | AJ24: 2305 | AK24: 2306 | AL24: 351 | AM24: 352 | AN24: 2355 | AO24: 2356 | AP24: 421 | AQ24: 422 | AR24: 3079 | AS24: 3080 | AT24: 1025 | AU24: 1026 | AV24: 3129 | AW24: 3130 | AX24: 1095 | AY24: 1096 | AZ24: 3179 | BA24: 3180 | BB24: 1165 | BC24: 1166 | BD24: 3229 | BE24: 3230 | BF24: 1235 | BG24: 1236 | BH24: 3279 | BI24: 3280 | BJ24: 1305 | BK24: 1306 | BL24: 3329 | BM24: 3330 | BN24: 1375 | BO24: 1376 | BP24: 3379 | BQ24: 3380 | BR24: 1445 | BS24: 1446
A25: =Q25&S25 -> 205612 | B25: =E25&"."&F25&G25&"."&H25 -> J_TELE.4U0200.6 | C25: 22 | D25: GND | E25: J_TELE | F25: 4 | G25: U0200 | H25: 6 | L25: 16 | M25: 30 | N25: 16 | O25: 30 | P25: 2055 | Q25: 2056 | R25: 11 | S25: 12 | T25: 2105 | U25: 2106 | V25: 81 | W25: 82 | X25: 2155 | Y25: 2156 | Z25: 151 | AA25: 152 | AB25: 2205 | AC25: 2206 | AD25: 221 | AE25: 222 | AF25: 2255 | AG25: 2256 | AH25: 291 | AI25: 292 | AJ25: 2305 | AK25: 2306 | AL25: 361 | AM25: 362 | AN25: 2355 | AO25: 2356 | AP25: 431 | AQ25: 432 | AR25: 3079 | AS25: 3080 | AT25: 1035 | AU25: 1036 | AV25: 3129 | AW25: 3130 | AX25: 1105 | AY25: 1106 | AZ25: 3179 | BA25: 3180 | BB25: 1175 | BC25: 1176 | BD25: 3229 | BE25: 3230 | BF25: 1245 | BG25: 1246 | BH25: 3279 | BI25: 3280 | BJ25: 1315 | BK25: 1316 | BL25: 3329 | BM25: 3330 | BN25: 1385 | BO25: 1386 | BP25: 3379 | BQ25: 3380 | BR25: 1455 | BS25: 1456
A26: =Q26&S26 -> 205618 | B26: =E26&"."&F26&G26&"."&H26 -> J_TELE.4U0200.9 | C26: 23 | D26: GND | E26: J_TELE | F26: 4 | G26: U0200 | H26: 9 | L26: 16 | M26: 30 | N26: 16 | O26: 30 | P26: 2055 | Q26: 2056 | R26: 17 | S26: 18 | T26: 2105 | U26: 2106 | V26: 87 | W26: 88 | X26: 2155 | Y26: 2156 | Z26: 157 | AA26: 158 | AB26: 2205 | AC26: 2206 | AD26: 227 | AE26: 228 | AF26: 2255 | AG26: 2256 | AH26: 297 | AI26: 298 | AJ26: 2305 | AK26: 2306 | AL26: 367 | AM26: 368 | AN26: 2355 | AO26: 2356 | AP26: 437 | AQ26: 438 | AR26: 3079 | AS26: 3080 | AT26: 1041 | AU26: 1042 | AV26: 3129 | AW26: 3130 | AX26: 1111 | AY26: 1112 | AZ26: 3179 | BA26: 3180 | BB26: 1181 | BC26: 1182 | BD26: 3229 | BE26: 3230 | BF26: 1251 | BG26: 1252 | BH26: 3279 | BI26: 3280 | BJ26: 1321 | BK26: 1322 | BL26: 3329 | BM26: 3330 | BN26: 1391 | BO26: 1392 | BP26: 3379 | BQ26: 3380 | BR26: 1461 | BS26: 1462
A27: =Q27&S27 -> 205624 | B27: =E27&"."&F27&G27&"."&H27 -> J_TELE.4U0200.12 | C27: 24 | D27: GND | E27: J_TELE | F27: 4 | G27: U0200 | H27: 12 | L27: 16 | M27: 30 | N27: 16 | O27: 30 | P27: 2055 | Q27: 2056 | R27: 23 | S27: 24 | T27: 2105 | U27: 2106 | V27: 93 | W27: 94 | X27: 2155 | Y27: 2156 | Z27: 163 | AA27: 164 | AB27: 2205 | AC27: 2206 | AD27: 233 | AE27: 234 | AF27: 2255 | AG27: 2256 | AH27: 303 | AI27: 304 | AJ27: 2305 | AK27: 2306 | AL27: 373 | AM27: 374 | AN27: 2355 | AO27: 2356 | AP27: 443 | AQ27: 444 | AR27: 3079 | AS27: 3080 | AT27: 1047 | AU27: 1048 | AV27: 3129 | AW27: 3130 | AX27: 1117 | AY27: 1118 | AZ27: 3179 | BA27: 3180 | BB27: 1187 | BC27: 1188 | BD27: 3229 | BE27: 3230 | BF27: 1257 | BG27: 1258 | BH27: 3279 | BI27: 3280 | BJ27: 1327 | BK27: 1328 | BL27: 3329 | BM27: 3330 | BN27: 1397 | BO27: 1398 | BP27: 3379 | BQ27: 3380 | BR27: 1467 | BS27: 1468
A28: =Q28&S28 -> 205630 | B28: =E28&"."&F28&G28&"."&H28 -> J_TELE.4U0200.15 | C28: 25 | D28: GND | E28: J_TELE | F28: 4 | G28: U0200 | H28: 15 | L28: 16 | M28: 30 | N28: 16 | O28: 30 | P28: 2055 | Q28: 2056 | R28: 29 | S28: 30 | T28: 2105 | U28: 2106 | V28: 99 | W28: 100 | X28: 2155 | Y28: 2156 | Z28: 169 | AA28: 170 | AB28: 2205 | AC28: 2206 | AD28: 239 | AE28: 240 | AF28: 2255 | AG28: 2256 | AH28: 309 | AI28: 310 | AJ28: 2305 | AK28: 2306 | AL28: 379 | AM28: 380 | AN28: 2355 | AO28: 2356 | AP28: 449 | AQ28: 450 | AR28: 3079 | AS28: 3080 | AT28: 1053 | AU28: 1054 | AV28: 3129 | AW28: 3130 | AX28: 1123 | AY28: 1124 | AZ28: 3179 | BA28: 3180 | BB28: 1193 | BC28: 1194 | BD28: 3229 | BE28: 3230 | BF28: 1263 | BG28: 1264 | BH28: 3279 | BI28: 3280 | BJ28: 1333 | BK28: 1334 | BL28: 3329 | BM28: 3330 | BN28: 1403 | BO28: 1404 | BP28: 3379 | BQ28: 3380 | BR28: 1473 | BS28: 1474
A29: =Q29&S29 -> 205634 | B29: =E29&"."&F29&G29&"."&H29 -> J_TELE.4U0200.17 | C29: 26 | D29: GND | E29: J_TELE | F29: 4 | G29: U0200 | H29: 17 | L29: 17 | M29: 30 | N29: 17 | O29: 30 | P29: 2055 | Q29: 2056 | R29: 33 | S29: 34 | T29: 2105 | U29: 2106 | V29: 103 | W29: 104 | X29: 2155 | Y29: 2156 | Z29: 173 | AA29: 174 | AB29: 2205 | AC29: 2206 | AD29: 243 | AE29: 244 | AF29: 2255 | AG29: 2256 | AH29: 313 | AI29: 314 | AJ29: 2305 | AK29: 2306 | AL29: 383 | AM29: 384 | AN29: 2355 | AO29: 2356 | AP29: 453 | AQ29: 454 | AR29: 3079 | AS29: 3080 | AT29: 1057 | AU29: 1058 | AV29: 3129 | AW29: 3130 | AX29: 1127 | AY29: 1128 | AZ29: 3179 | BA29: 3180 | BB29: 1197 | BC29: 1198 | BD29: 3229 | BE29: 3230 | BF29: 1267 | BG29: 1268 | BH29: 3279 | BI29: 3280 | BJ29: 1337 | BK29: 1338 | BL29: 3329 | BM29: 3330 | BN29: 1407 | BO29: 1408 | BP29: 3379 | BQ29: 3380 | BR29: 1477 | BS29: 1478
A30: =Q30&S30 -> 205642 | B30: =E30&"."&F30&G30&"."&H30 -> J_TELE.4U0200.21 | C30: 27 | D30: GND | E30: J_TELE | F30: 4 | G30: U0200 | H30: 21 | L30: 17 | M30: 31 | N30: 17 | O30: 31 | P30: 2055 | Q30: 2056 | R30: 41 | S30: 42 | T30: 2105 | U30: 2106 | V30: 111 | W30: 112 | X30: 2155 | Y30: 2156 | Z30: 181 | AA30: 182 | AB30: 2205 | AC30: 2206 | AD30: 251 | AE30: 252 | AF30: 2255 | AG30: 2256 | AH30: 321 | AI30: 322 | AJ30: 2305 | AK30: 2306 | AL30: 391 | AM30: 392 | AN30: 2355 | AO30: 2356 | AP30: 461 | AQ30: 462 | AR30: 3079 | AS30: 3080 | AT30: 1065 | AU30: 1066 | AV30: 3129 | AW30: 3130 | AX30: 1135 | AY30: 1136 | AZ30: 3179 | BA30: 3180 | BB30: 1205 | BC30: 1206 | BD30: 3229 | BE30: 3230 | BF30: 1275 | BG30: 1276 | BH30: 3279 | BI30: 3280 | BJ30: 1345 | BK30: 1346 | BL30: 3329 | BM30: 3330 | BN30: 1415 | BO30: 1416 | BP30: 3379 | BQ30: 3380 | BR30: 1485 | BS30: 1486
A31: =Q31&S31 -> 205654 | B31: =E31&"."&F31&G31&"."&H31 -> J_TELE.4U0200.27 | C31: 28 | D31: GND | E31: J_TELE | F31: 4 | G31: U0200 | H31: 27 | L31: 18 | M31: 32 | N31: 18 | O31: 32 | P31: 2055 | Q31: 2056 | R31: 53 | S31: 54 | T31: 2105 | U31: 2106 | V31: 123 | W31: 124 | X31: 2155 | Y31: 2156 | Z31: 193 | AA31: 194 | AB31: 2205 | AC31: 2206 | AD31: 263 | AE31: 264 | AF31: 2255 | AG31: 2256 | AH31: 333 | AI31: 334 | AJ31: 2305 | AK31: 2306 | AL31: 403 | AM31: 404 | AN31: 2355 | AO31: 2356 | AP31: 473 | AQ31: 474 | AR31: 3079 | AS31: 3080 | AT31: 1077 | AU31: 1078 | AV31: 3129 | AW31: 3130 | AX31: 1147 | AY31: 1148 | AZ31: 3179 | BA31: 3180 | BB31: 1217 | BC31: 1218 | BD31: 3229 | BE31: 3230 | BF31: 1287 | BG31: 1288 | BH31: 3279 | BI31: 3280 | BJ31: 1357 | BK31: 1358 | BL31: 3329 | BM31: 3330 | BN31: 1427 | BO31: 1428 | BP31: 3379 | BQ31: 3380 | BR31: 1497 | BS31: 1498
A32: =Q32&S32 -> 206818 | B32: =E32&"."&F32&G32&"."&H32 -> J_TELE.10U0200.9 | C32: 29 | D32: GND | E32: J_TELE | F32: 10 | G32: U0200 | H32: 9 | L32: 16 | M32: 31 | N32: 16 | O32: 31 | P32: 2067 | Q32: 2068 | R32: 17 | S32: 18 | T32: 2117 | U32: 2118 | V32: 87 | W32: 88 | X32: 2167 | Y32: 2168 | Z32: 157 | AA32: 158 | AB32: 2217 | AC32: 2218 | AD32: 227 | AE32: 228 | AF32: 2267 | AG32: 2268 | AH32: 297 | AI32: 298 | AJ32: 2317 | AK32: 2318 | AL32: 367 | AM32: 368 | AN32: 2367 | AO32: 2368 | AP32: 437 | AQ32: 438 | AR32: 3091 | AS32: 3092 | AT32: 1041 | AU32: 1042 | AV32: 3141 | AW32: 3142 | AX32: 1111 | AY32: 1112 | AZ32: 3191 | BA32: 3192 | BB32: 1181 | BC32: 1182 | BD32: 3241 | BE32: 3242 | BF32: 1251 | BG32: 1252 | BH32: 3291 | BI32: 3292 | BJ32: 1321 | BK32: 1322 | BL32: 3341 | BM32: 3342 | BN32: 1391 | BO32: 1392 | BP32: 3391 | BQ32: 3392 | BR32: 1461 | BS32: 1462
A33: =Q33&S33 -> 206854 | B33: =E33&"."&F33&G33&"."&H33 -> J_TELE.10U0200.27 | C33: 30 | D33: GND | E33: J_TELE | F33: 10 | G33: U0200 | H33: 27 | I33: =VLOOKUP(B33, vendor!$A$10:$Q$28,15,0) -> 22.020308 | J33: =VLOOKUP(B33, vendor!$A$10:$Q$28,17,0) -> 15.854746 | K33: =VLOOKUP(B33, vendor!$A$10:$Q$28,16,0) -> 31.952898 | L33: 18 | M33: 31 | N33: 18 | O33: 31 | P33: 2067 | Q33: 2068 | R33: 53 | S33: 54 | T33: 2117 | U33: 2118 | V33: 123 | W33: 124 | X33: 2167 | Y33: 2168 | Z33: 193 | AA33: 194 | AB33: 2217 | AC33: 2218 | AD33: 263 | AE33: 264 | AF33: 2267 | AG33: 2268 | AH33: 333 | AI33: 334 | AJ33: 2317 | AK33: 2318 | AL33: 403 | AM33: 404 | AN33: 2367 | AO33: 2368 | AP33: 473 | AQ33: 474 | AR33: 3091 | AS33: 3092 | AT33: 1077 | AU33: 1078 | AV33: 3141 | AW33: 3142 | AX33: 1147 | AY33: 1148 | AZ33: 3191 | BA33: 3192 | BB33: 1217 | BC33: 1218 | BD33: 3241 | BE33: 3242 | BF33: 1287 | BG33: 1288 | BH33: 3291 | BI33: 3292 | BJ33: 1357 | BK33: 1358 | BL33: 3341 | BM33: 3342 | BN33: 1427 | BO33: 1428 | BP33: 3391 | BQ33: 3392 | BR33: 1497 | BS33: 1498
A34: =Q34&S34 -> 20802 | B34: =E34&"."&F34&G34&"."&H34 -> J_TELE.16U0200.1 | C34: 31 | D34: GND | E34: J_TELE | F34: 16 | G34: U0200 | H34: 1 | L34: 17 | M34: 32 | N34: 17 | O34: 32 | P34: 2079 | Q34: 2080 | R34: 1 | S34: 2 | T34: 2129 | U34: 2130 | V34: 71 | W34: 72 | X34: 2179 | Y34: 2180 | Z34: 141 | AA34: 142 | AB34: 2229 | AC34: 2230 | AD34: 211 | AE34: 212 | AF34: 2279 | AG34: 2280 | AH34: 281 | AI34: 282 | AJ34: 2329 | AK34: 2330 | AL34: 351 | AM34: 352 | AN34: 2379 | AO34: 2380 | AP34: 421 | AQ34: 422 | AR34: 3103 | AS34: 3104 | AT34: 1025 | AU34: 1026 | AV34: 3153 | AW34: 3154 | AX34: 1095 | AY34: 1096 | AZ34: 3203 | BA34: 3204 | BB34: 1165 | BC34: 1166 | BD34: 3253 | BE34: 3254 | BF34: 1235 | BG34: 1236 | BH34: 3303 | BI34: 3304 | BJ34: 1305 | BK34: 1306 | BL34: 3353 | BM34: 3354 | BN34: 1375 | BO34: 1376 | BP34: 3403 | BQ34: 3404 | BR34: 1445 | BS34: 1446
A35: =Q35&S35 -> 20942 | B35: =E35&"."&F35&G35&"."&H35 -> J_TELE.23U0200.1 | C35: 32 | D35: GND | E35: J_TELE | F35: 23 | G35: U0200 | H35: 1 | L35: 17 | M35: 30 | N35: 17 | O35: 30 | P35: 2093 | Q35: 2094 | R35: 1 | S35: 2 | T35: 2143 | U35: 2144 | V35: 71 | W35: 72 | X35: 2193 | Y35: 2194 | Z35: 141 | AA35: 142 | AB35: 2243 | AC35: 2244 | AD35: 211 | AE35: 212 | AF35: 2293 | AG35: 2294 | AH35: 281 | AI35: 282 | AJ35: 2343 | AK35: 2344 | AL35: 351 | AM35: 352 | AN35: 2393 | AO35: 2394 | AP35: 421 | AQ35: 422 | AR35: 3117 | AS35: 3118 | AT35: 1025 | AU35: 1026 | AV35: 3167 | AW35: 3168 | AX35: 1095 | AY35: 1096 | AZ35: 3217 | BA35: 3218 | BB35: 1165 | BC35: 1166 | BD35: 3267 | BE35: 3268 | BF35: 1235 | BG35: 1236 | BH35: 3317 | BI35: 3318 | BJ35: 1305 | BK35: 1306 | BL35: 3367 | BM35: 3368 | BN35: 1375 | BO35: 1376 | BP35: 3417 | BQ35: 3418 | BR35: 1445 | BS35: 1446
A36: =Q36&S36 -> 209612 | B36: =E36&"."&F36&G36&"."&H36 -> J_TELE.24U0200.6 | C36: 33 | D36: GND | E36: J_TELE | F36: 24 | G36: U0200 | H36: 6 | L36: 15 | M36: 29 | N36: 15 | O36: 29 | P36: 2095 | Q36: 2096 | R36: 11 | S36: 12 | T36: 2145 | U36: 2146 | V36: 81 | W36: 82 | X36: 2195 | Y36: 2196 | Z36: 151 | AA36: 152 | AB36: 2245 | AC36: 2246 | AD36: 221 | AE36: 222 | AF36: 2295 | AG36: 2296 | AH36: 291 | AI36: 292 | AJ36: 2345 | AK36: 2346 | AL36: 361 | AM36: 362 | AN36: 2395 | AO36: 2396 | AP36: 431 | AQ36: 432 | AR36: 3119 | AS36: 3120 | AT36: 1035 | AU36: 1036 | AV36: 3169 | AW36: 3170 | AX36: 1105 | AY36: 1106 | AZ36: 3219 | BA36: 3220 | BB36: 1175 | BC36: 1176 | BD36: 3269 | BE36: 3270 | BF36: 1245 | BG36: 1246 | BH36: 3319 | BI36: 3320 | BJ36: 1315 | BK36: 1316 | BL36: 3369 | BM36: 3370 | BN36: 1385 | BO36: 1386 | BP36: 3419 | BQ36: 3420 | BR36: 1455 | BS36: 1456
A37: =Q37&S37 -> 209656 | B37: =E37&"."&F37&G37&"."&H37 -> J_TELE.24SUS.41 | C37: 34 | D37: GND-SUS | E37: J_TELE | F37: 24 | G37: SUS | H37: 41 | L37: 0 | M37: 50 | N37: 0 | O37: 50 | P37: 2095 | Q37: 2096 | R37: 55 | S37: 56 | T37: 2145 | U37: 2146 | V37: 125 | W37: 126 | X37: 2195 | Y37: 2196 | Z37: 195 | AA37: 196 | AB37: 2245 | AC37: 2246 | AD37: 265 | AE37: 266 | AF37: 2295 | AG37: 2296 | AH37: 335 | AI37: 336 | AJ37: 2345 | AK37: 2346 | AL37: 405 | AM37: 406 | AN37: 2395 | AO37: 2396 | AP37: 475 | AQ37: 476 | AR37: 3119 | AS37: 3120 | AT37: 1079 | AU37: 1080 | AV37: 3169 | AW37: 3170 | AX37: 1149 | AY37: 1150 | AZ37: 3219 | BA37: 3220 | BB37: 1219 | BC37: 1220 | BD37: 3269 | BE37: 3270 | BF37: 1289 | BG37: 1290 | BH37: 3319 | BI37: 3320 | BJ37: 1359 | BK37: 1360 | BL37: 3369 | BM37: 3370 | BN37: 1429 | BO37: 1430 | BP37: 3419 | BQ37: 3420 | BR37: 1499 | BS37: 1500
A38: =Q38&S38
A39: =Q39&S39
A40: =Q40&S40
A41: =Q41&S41
A42: =Q42&S42
A43: =Q43&S43

Sheet vendor
B2: Project | C2: 6Cxxx
B3: Design | C3: flex_rcam_6CRMEV
B4: Board | C4: 821-06056
B5: Version | C5: 2.0.0
B6: Vendor
B7: Date | C7: 09/10/2025
B9: Design | C9: APN | D9: Net Name | E9: Net Id | F9: Unique Net Id | G9: Pin 1 | H9: Pin 2 | I9: X1 | J9: Y1 | K9: Layer1 | L9: X2 | M9: Y2 | N9: Layer2 | O9: Nominal Sim (mΩ) | P9: USL (mΩ) | Q9: LSL (mΩ) | R9: Samples | S9: Min | T9: Max | U9: Mean | V9: Stdev
A10: =G10&H10 -> J_TELE.18U0200.8 | B10: 6Cxxx/flex_rcam_6CRMEV | C10: 821-06056 | D10: 85_LPDP_ISP_FROM_TELE_RX_D0_CONN_N | E10: 1 | F10: 821-06056_net1 | G10: J_TELE.18 | H10: U0200.8 | I10: 31.4311 | J10: -10.1907 | K10: BOTTOM | L10: 7.1341 | M10: -1.3121 | N10: ISL2 | O10: 1904.1103 | P10: 3433.8939 | Q10: 1183.7276 | R10: - | S10: - | T10: - | U10: - | V10: -
A11: =G11&H11 -> J_TELE.20U0200.7 | B11: 6Cxxx/flex_rcam_6CRMEV | C11: 821-06056 | D11: 85_LPDP_ISP_FROM_TELE_RX_D0_CONN_P | E11: 2 | F11: 821-06056_net2 | G11: J_TELE.20 | H11: U0200.7 | I11: 31.7311 | J11: -10.1907 | K11: BOTTOM | L11: 7.4841 | M11: -1.3121 | N11: ISL2 | O11: 1904.408 | P11: 3434.0656 | Q11: 1183.9721 | R11: - | S11: - | T11: - | U11: - | V11: -
A12: =G12&H12 -> J_TELE.12U0200.11 | B12: 6Cxxx/flex_rcam_6CRMEV | C12: 821-06056 | D12: 85_LPDP_ISP_FROM_TELE_RX_D1_CONN_N | E12: 3 | F12: 821-06056_net3 | G12: J_TELE.12 | H12: U0200.11 | I12: 30.5311 | J12: -10.1907 | K12: BOTTOM | L12: 6.0841 | M12: -1.3121 | N12: ISL2 | O12: 1907.3318 | P12: 3441.1932 | Q12: 1185.7905 | R12: - | S12: - | T12: - | U12: - | V12: -
A13: =G13&H13 -> J_TELE.14U0200.10 | B13: 6Cxxx/flex_rcam_6CRMEV | C13: 821-06056 | D13: 85_LPDP_ISP_FROM_TELE_RX_D1_CONN_P | E13: 4 | F13: 821-06056_net4 | G13: J_TELE.14 | H13: U0200.10 | I13: 30.8311 | J13: -10.1907 | K13: BOTTOM | L13: 6.4341 | M13: -1.3121 | N13: ISL2 | O13: 1906.9279 | P13: 3438.9502 | Q13: 1185.9061 | R13: - | S13: - | T13: - | U13: - | V13: -
A14: =G14&H14 -> J_TELE.6U0200.14 | B14: 6Cxxx/flex_rcam_6CRMEV | C14: 821-06056 | D14: 85_LPDP_ISP_FROM_TELE_RX_D2_CONN_N | E14: 5 | F14: 821-06056_net5 | G14: J_TELE.6 | H14: U0200.14 | I14: 29.6311 | J14: -10.1907 | K14: BOTTOM | L14: 5.0341 | M14: -1.3121 | N14: ISL2 | O14: 1934.3551 | P14: 3488.5586 | Q14: 1202.784 | R14: - | S14: - | T14: - | U14: - | V14: -
A15: =G15&H15 -> J_TELE.8U0200.13 | B15: 6Cxxx/flex_rcam_6CRMEV | C15: 821-06056 | D15: 85_LPDP_ISP_FROM_TELE_RX_D2_CONN_P | E15: 6 | F15: 821-06056_net6 | G15: J_TELE.8 | H15: U0200.13 | I15: 29.9311 | J15: -10.1907 | K15: BOTTOM | L15: 5.3841 | M15: -1.3121 | N15: ISL2 | O15: 1933.6592 | P15: 3486.518 | Q15: 1202.4945 | R15: - | S15: - | T15: - | U15: - | V15: -
A16: =G16&H16 -> J_TELE.15U0200.5 | B16: 6Cxxx/flex_rcam_6CRMEV | C16: 821-06056 | D16: CLK_CAM_PMU1_TO_TELE_24M_1V8_CONN | E16: 7 | F16: 821-06056_net7 | G16: J_TELE.15 | H16: U0200.5 | I16: 31.1311 | J16: -11.5807 | K16: BOTTOM | L16: 8.1841 | M16: -1.3121 | N16: ISL2 | O16: 1985.8283 | P16: 3566.9959 | Q16: 1234.0543 | R16: - | S16: - | T16: - | U16: - | V16: -
A17: =G17&H17 -> J_TELE.10U0200.27 | B17: 6Cxxx/flex_rcam_6CRMEV | C17: 821-06056 | D17: GND | E17: 8 | F17: 821-06056_net8 | G17: J_TELE.10 | H17: U0200.27 | I17: 30.2311 | J17: -10.1907 | K17: BOTTOM | L17: 0.4091 | M17: -1.2371 | N17: ISL2 | O17: 22.020308 | P17: 31.952898 | Q17: 15.854746 | R17: - | S17: - | T17: - | U17: - | V17: -
A18: =G18&H18 -> J_TELE.13U0200.3 | B18: 6Cxxx/flex_rcam_6CRMEV | C18: 821-06056 | D18: GPIO_CAM_PMU1_TO_TELE_SHDN_1V8_L | E18: 9 | F18: 821-06056_net9 | G18: J_TELE.13 | H18: U0200.3 | I18: 30.8311 | J18: -11.5807 | K18: BOTTOM | L18: 8.8841 | M18: -1.3121 | N18: ISL2 | O18: 2001.9336 | P18: 3592.6463 | Q18: 1244.4436 | R18: - | S18: - | T18: - | U18: - | V18: -
A19: =G19&H19 -> J_TELE.11U0200.16 | B19: 6Cxxx/flex_rcam_6CRMEV | C19: 821-06056 | D19: GPIO_CAMS_TO_STROBE_TRIGGER_1V8 | E19: 10 | F19: 821-06056_net10 | G19: J_TELE.11 | H19: U0200.16 | I19: 30.5311 | J19: -11.5807 | K19: BOTTOM | L19: 4.3341 | M19: -1.3121 | N19: ISL2 | O19: 1968.1463 | P19: 3534.787 | Q19: 1222.6648 | R19: - | S19: - | T19: - | U19: - | V19: -
A20: =G20&H20 -> J_TELE.2U0200.22 | B20: 6Cxxx/flex_rcam_6CRMEV | C20: 821-06056 | D20: I2C0_CAM_PMU2_SCL_1V8 | E20: 11 | F20: 821-06056_net11 | G20: J_TELE.2 | H20: U0200.22 | I20: 29.0311 | J20: -10.1907 | K20: BOTTOM | L20: 2.2341 | M20: -1.3121 | N20: ISL2 | O20: 1974.0056 | P20: 3547.1402 | Q20: 1226.8341 | R20: - | S20: - | T20: - | U20: - | V20: -
A21: =G21&H21 -> J_TELE.5U0200.23 | B21: 6Cxxx/flex_rcam_6CRMEV | C21: 821-06056 | D21: I2C0_CAM_PMU2_SDA_1V8 | E21: 12 | F21: 821-06056_net12 | G21: J_TELE.5 | H21: U0200.23 | I21: 29.6311 | J21: -11.5807 | K21: BOTTOM | L21: 1.8841 | M21: -1.3121 | N21: ISL2 | O21: 2033.4002 | P21: 3655.3378 | Q21: 1262.9662 | R21: - | S21: - | T21: - | U21: - | V21: -
... A28: =G28&H28 -> J_TELE.22U0200.26 | B28: 6Cxxx/flex_rcam_6CRMEV | C28: 821-06056 | D28: PPVAR_TELE_PVDD_OIS_CONN | E28: 19 | F28: 821-06056_net19 | G28: J_TELE.22 | H28: U0200.26 | I28: 28.6061 | J28: -10.3782 | K28: BOTTOM | L28: 0.8091 | M28: -1.2371 | N28: ISL2 | O28: 115.83946 | P28: 157.18715 | Q28: 87.395468 | R28: - | S28: - | T28: - | U28: - | V28: -

Sheet buyoff
A1: CHECK SHEET BUYOFF TEST COVERAGE ALL NET
A2: Iteam name: Item code: JIG NO: JIG MAKER:
A3: PE | B3: QA | C3: PRO | E3: RGO NET name and pin assign | J3: ERS spec | M3: 3 sigma spec | O3: On machine | Q3: our jig pin No
E4: Net name | F4: pin1 | H4: pin2 | J4: Nominal | K4: LSL | L4: USL | M4: LSL | N4: USL | O4: LSL | P4: USL | Q4: Gr1

Sheet pin
A51: #Gr02
A52: EXR4W | B52: 135 | C52: 136 | D52: 243 | E52: 244
A53: EXR4W | B53: 137 | C53: 138 | D53: 237 | E53: 238
A54: EXR4W | B54: 139 | C54: 140 | D54: 241 | E54: 242
A55: EXR4W | B55: 141 | C55: 142 | D55: 235 | E55: 236
A56: EXR4W | B56: 147 | C56: 148 | D56: 249 | E56: 250
A57: EXR4W | B57: 149 | C57: 150 | D57: 227 | E57: 228
A58: EXR4W | B58: 151 | C58: 152 | D58: 251 | E58: 252
A59: EXR4W | B59: 153 | C59: 154 | D59: 217 | E59: 218
A60: EXR4W | B60: 155 | C60: 156 | D60: 203 | E60: 204
A61: EXR4W | B61: 157 | C61: 158 | D61: 209 | E61: 210
A62: EXR4W | B62: 159 | C62: 160 | D62: 193 | E62: 194
A63: EXR4W | B63: 161 | C63: 162 | D63: 185 | E63: 186
... A100: EXR4W | B100: 169 | C100: 170 | D100: 175 | E100: 176
A102: #Gr03
A103: EXR4W | B103: 269 | C103: 270 | D103: 377 | E103: 378
A104: EXR4W | B104: 271 | C104: 272 | D104: 371 | E104: 372
A105: EXR4W | B105: 273 | C105: 274 | D105: 375 | E105: 376
A106: EXR4W | B106: 275 | C106: 276 | D106: 369 | E106: 370
A107: EXR4W | B107: 281 | C107: 282 | D107: 383 | E107: 384
A108: EXR4W | B108: 283 | C108: 284 | D108: 361 | E108: 362
A109: EXR4W | B109: 285 | C109: 286 | D109: 385 | E109: 386
A110: EXR4W | B110: 287 | C110: 288 | D110: 351 | E110: 352
A111: EXR4W | B111: 289 | C111: 290 | D111: 337 | E111: 338
A112: EXR4W | B112: 291 | C112: 292 | D112: 343 | E112: 344
A113: EXR4W | B113: 293 | C113: 294 | D113: 327 | E113: 328
A114: EXR4W | B114: 295 | C114: 296 | D114: 319 | E114: 320
... A151: EXR4W | B151: 303 | C151: 304 | D151: 309 | E151: 310
A153: #Gr04
A154: EXR4W | B154: 403 | C154: 404 | D154: 511 | E154: 512
A155: EXR4W | B155: 405 | C155: 406 | D155: 505 | E155: 506
A156: EXR4W | B156: 407 | C156: 408 | D156: 509 | E156: 510
A157: EXR4W | B157: 409 | C157: 410 | D157: 503 | E157: 504
A158: EXR4W | B158: 415 | C158: 416 | D158: 517 | E158: 518
A159: EXR4W | B159: 417 | C159: 418 | D159: 495 | E159: 496
A160: EXR4W | B160: 419 | C160: 420 | D160: 519 | E160: 520
A161: EXR4W | B161: 421 | C161: 422 | D161: 485 | E161: 486
A162: EXR4W | B162: 423 | C162: 424 | D162: 471 | E162: 472
A163: EXR4W | B163: 425 | C163: 426 | D163: 477 | E163: 478
A164: EXR4W | B164: 427 | C164: 428 | D164: 461 | E164: 462
A165: EXR4W | B165: 429 | C165: 430 | D165: 453 | E165: 454
... A202: EXR4W | B202: 437 | C202: 438 | D202: 443 | E202: 444
A204: #Gr05
A205: EXR4W | B205: 537 | C205: 538 | D205: 645 | E205: 646
A206: EXR4W | B206: 539 | C206: 540 | D206: 639 | E206: 640
A207: EXR4W | B207: 541 | C207: 542 | D207: 643 | E207: 644
A208: EXR4W | B208: 543 | C208: 544 | D208: 637 | E208: 638
A209: EXR4W | B209: 549 | C209: 550 | D209: 651 | E209: 652
A210: EXR4W | B210: 551 | C210: 552 | D210: 629 | E210: 630
A211: EXR4W | B211: 553 | C211: 554 | D211: 653 | E211: 654
A212: EXR4W | B212: 555 | C212: 556 | D212: 619 | E212: 620
A213: EXR4W | B213: 557 | C213: 558 | D213: 605 | E213: 606
A214: EXR4W | B214: 559 | C214: 560 | D214: 611 | E214: 612
A215: EXR4W | B215: 561 | C215: 562 | D215: 595 | E215: 596
A216: EXR4W | B216: 563 | C216: 564 | D216: 587 | E216: 588
... A253: EXR4W | B253: 571 | C253: 572 | D253: 577 | E253: 578
A255: #Gr06
A256: EXR4W | B256: 1025 | C256: 1026 | D256: 1133 | E256: 1134
A257: EXR4W | B257: 1027 | C257: 1028 | D257: 1127 | E257: 1128
A258: EXR4W | B258: 1029 | C258: 1030 | D258: 1131 | E258: 1132
A259: EXR4W | B259: 1031 | C259: 1032 | D259: 1125 | E259: 1126
A260: EXR4W | B260: 1037 | C260: 1038 | D260: 1139 | E260: 1140
A261: EXR4W | B261: 1039 | C261: 1040 | D261: 1117 | E261: 1118
A262: EXR4W | B262: 1041 | C262: 1042 | D262: 1141 | E262: 1142
A263: EXR4W | B263: 1043 | C263: 1044 | D263: 1107 | E263: 1108
A264: EXR4W | B264: 1045 | C264: 1046 | D264: 1093 | E264: 1094
A265: EXR4W | B265: 1047 | C265: 1048 | D265: 1099 | E265: 1100
A266: EXR4W | B266: 1049 | C266: 1050 | D266: 1083 | E266: 1084
A267: EXR4W | B267: 1051 | C267: 1052 | D267: 1075 | E267: 1076
... A304: EXR4W | B304: 1059 | C304: 1060 | D304: 1065 | E304: 1066
A306: #Gr07
A307: EXR4W | B307: 1159 | C307: 1160 | D307: 1267 | E307: 1268
A308: EXR4W | B308: 1161 | C308: 1162 | D308: 1261 | E308: 1262
A309: EXR4W | B309: 1163 | C309: 1164 | D309: 1265 | E309: 1266
A310: EXR4W | B310: 1165 | C310: 1166 | D310: 1259 | E310: 1260
A311: EXR4W | B311: 1171 | C311: 1172 | D311: 1273 | E311: 1274
A312: EXR4W | B312: 1173 | C312: 1174 | D312: 1251 | E312: 1252
A313: EXR4W | B313: 1175 | C313: 1176 | D313: 1275 | E313: 1276
A314: EXR4W | B314: 1177 | C314: 1178 | D314: 1241 | E314: 1242
A315: EXR4W | B315: 1179 | C315: 1180 | D315: 1227 | E315: 1228
A316: EXR4W | B316: 1181 | C316: 1182 | D316: 1233 | E316: 1234
A317: EXR4W | B317: 1183 | C317: 1184 | D317: 1217 | E317: 1218
A318: EXR4W | B318: 1185 | C318: 1186 | D318: 1209 | E318: 1210
... A355: EXR4W | B355: 1193 | C355: 1194 | D355: 1199 | E355: 1200
A357: #Gr08
A358: EXR4W | B358: 1293 | C358: 1294 | D358: 1401 | E358: 1402
A359: EXR4W | B359: 1295 | C359: 1296 | D359: 1395 | E359: 1396
A360: EXR4W | B360: 1297 | C360: 1298 | D360: 1399 | E360: 1400
A361: EXR4W | B361: 1299 | C361: 1300 | D361: 1393 | E361: 1394
A362: EXR4W | B362: 1305 | C362: 1306 | D362: 1407 | E362: 1408
A363: EXR4W | B363: 1307 | C363: 1308 | D363: 1385 | E363: 1386
A364: EXR4W | B364: 1309 | C364: 1310 | D364: 1409 | E364: 1410
A365: EXR4W | B365: 1311 | C365: 1312 | D365: 1375 | E365: 1376
A366: EXR4W | B366: 1313 | C366: 1314 | D366: 1361 | E366: 1362
A367: EXR4W | B367: 1315 | C367: 1316 | D367: 1367 | E367: 1368
A368: EXR4W | B368: 1317 | C368: 1318 | D368: 1351 | E368: 1352
A369: EXR4W | B369: 1319 | C369: 1320 | D369: 1343 | E369: 1344
... A406: EXR4W | B406: 1327 | C406: 1328 | D406: 1333 | E406: 1334
A408: #Gr09
A409: EXR4W | B409: 1427 | C409: 1428 | D409: 1535 | E409: 1536
...

Sheet Input check Pin 
A1: Input: Start Pin number each side | E1: J_FCAM | G1: U0200
E2: 1 | G2: 2049
B4: Group 1 | F4: Group 2 | J4: Group 3 | N4: Group 4 | R4: Group 5 | V4: Group 6 | Z4: Group 7 | AD4: Group 8 | AH4: Group 9 | AL4: Group 10 | AP4: Group 11 | AT4: Group 12 | AX4: Group 13 | BB4: Group 14 | BF4: Group 15 | BJ4: Group 16 | BN4: Group 17 | BR4: Group 18 | BV4: Group 19 | BZ4: Group 20 | CD4: Group 21 | CH4: Group 22 | CL4: Group 23 | CP4: Group 24 | CT4: Group 25
B5: J_FCAM | D5: U0200 | F5: J_FCAM | H5: U0200 | J5: J_FCAM | L5: U0200 | N5: J_FCAM | P5: U0200 | R5: J_FCAM | T5: U0200 | V5: J_FCAM | X5: U0200 | Z5: J_FCAM | AB5: U0200 | AD5: J_FCAM | AF5: U0200 | AH5: J_FCAM | AJ5: U0200 | AL5: J_FCAM | AN5: U0200 | AP5: J_FCAM | AR5: U0200 | AT5: J_FCAM | AV5: U0200 | AX5: J_FCAM | AZ5: U0200 | BB5: J_FCAM | BD5: U0200 | BF5: J_FCAM | BH5: U0200 | BJ5: J_FCAM | BL5: U0200 | BN5: J_FCAM | BP5: U0200 | BR5: J_FCAM | BT5: U0200 | BV5: J_FCAM | BX5: U0200 | BZ5: J_FCAM | CB5: U0200 | CD5: J_FCAM | CF5: U0200 | CH5: J_FCAM | CJ5: U0200 | CL5: J_FCAM | CN5: U0200 | CP5: J_FCAM | CR5: U0200 | CT5: J_FCAM | CV5: U0200
A6: Address | B6: 1 | C6: 70 | D6: 2049 | E6: 2098 | F6: 71 | G6: 140 | H6: 2099 | I6: 2148 | J6: 141 | K6: 210 | L6: 2149 | M6: 2198 | N6: 211 | O6: 280 | P6: 2199 | Q6: 2248 | R6: 281 | S6: 350 | T6: 2249 | U6: 2298 | V6: 351 | W6: 420 | X6: 2299 | Y6: 2348 | Z6: 421 | AA6: 490 | AB6: 2349 | AC6: 2398 | AD6: 1025 | AE6: 1094 | AF6: 3073 | AG6: 3122 | AH6: 1095 | AI6: 1164 | AJ6: 3123 | AK6: 3172 | AL6: 1165 | AM6: 1234 | AN6: 3173 | AO6: 3222 | AP6: 1235 | AQ6: 1304 | AR6: 3223 | AS6: 3272 | AT6: 1305 | AU6: 1374 | AV6: 3273 | AW6: 3322 | AX6: 1375 | AY6: 1444 | AZ6: 3323 | BA6: 3372 | BB6: 1445 | BC6: 1514 | BD6: 3373 | BE6: 3422
A7: Space | F7: =IF(F6="","",F6-B6) -> 70 | G7: =IF(G6="","",G6-C6) -> 70 | H7: =IF(H6="","",H6-D6) -> 50 | I7: =IF(I6="","",I6-E6) -> 50 | J7: =IF(J6="","",J6-F6) -> 70 | K7: =IF(K6="","",K6-G6) -> 70 | L7: =IF(L6="","",L6-H6) -> 50 | M7: =IF(M6="","",M6-I6) -> 50 | ... CW7: =IF(CW6="","",CW6-CS6)
A8: Judge | F8: =IF(OR(F7="",G7=""),"",IF(F7=G7,"OK","NG")) -> OK | H8: =IF(OR(H7="",I7=""),"",IF(H7=I7,"OK","NG")) -> OK | J8: =IF(OR(J7="",K7=""),"",IF(J7=K7,"OK","NG")) -> OK | L8: =IF(OR(L7="",M7=""),"",IF(L7=M7,"OK","NG")) -> OK | N8: =IF(OR(N7="",O7=""),"",IF(N7=O7,"OK","NG")) -> OK | P8: =IF(OR(P7="",Q7=""),"",IF(P7=Q7,"OK","NG")) -> OK | R8: =IF(OR(R7="",S7=""),"",IF(R7=S7,"OK","NG")) -> OK | T8: =IF(OR(T7="",U7=""),"",IF(T7=U7,"OK","NG")) -> OK | V8: =IF(OR(V7="",W7=""),"",IF(V7=W7,"OK","NG")) -> OK | X8: =IF(OR(X7="",Y7=""),"",IF(X7=Y7,"OK","NG")) -> OK | Z8: =IF(OR(Z7="",AA7=""),"",IF(Z7=AA7,"OK","NG")) -> OK | AB8: =IF(OR(AB7="",AC7=""),"",IF(AB7=AC7,"OK","NG")) -> OK | AD8: =IF(OR(AD7="",AE7=""),"",IF(AD7=AE7,"OK","NG")) -> OK | AF8: =IF(OR(AF7="",AG7=""),"",IF(AF7=AG7,"OK","NG")) -> OK | AH8: =IF(OR(AH7="",AI7=""),"",IF(AH7=AI7,"OK","NG")) -> OK | AJ8: =IF(OR(AJ7="",AK7=""),"",IF(AJ7=AK7,"OK","NG")) -> OK | AL8: =IF(OR(AL7="",AM7=""),"",IF(AL7=AM7,"OK","NG")) -> OK | AN8: =IF(OR(AN7="",AO7=""),"",IF(AN7=AO7,"OK","NG")) -> OK | AP8: =IF(OR(AP7="",AQ7=""),"",IF(AP7=AQ7,"OK","NG")) -> OK | AR8: =IF(OR(AR7="",AS7=""),"",IF(AR7=AS7,"OK","NG")) -> OK | AT8: =IF(OR(AT7="",AU7=""),"",IF(AT7=AU7,"OK","NG")) -> OK | AV8: =IF(OR(AV7="",AW7=""),"",IF(AV7=AW7,"OK","NG")) -> OK | AX8: =IF(OR(AX7="",AY7=""),"",IF(AX7=AY7,"OK","NG")) -> OK | AZ8: =IF(OR(AZ7="",BA7=""),"",IF(AZ7=BA7,"OK","NG")) -> OK | BB8: =IF(OR(BB7="",BC7=""),"",IF(BB7=BC7,"OK","NG")) -> OK | BD8: =IF(OR(BD7="",BE7=""),"",IF(BD7=BE7,"OK","NG")) -> OK | BF8: =IF(OR(BF7="",BG7=""),"",IF(BF7=BG7,"OK","NG")) | BH8: =IF(OR(BH7="",BI7=""),"",IF(BH7=BI7,"OK","NG")) | BJ8: =IF(OR(BJ7="",BK7=""),"",IF(BJ7=BK7,"OK","NG")) | BL8: =IF(OR(BL7="",BM7=""),"",IF(BL7=BM7,"OK","NG")) | BN8: =IF(OR(BN7="",BO7=""),"",IF(BN7=BO7,"OK","NG")) | BP8: =IF(OR(BP7="",BQ7=""),"",IF(BP7=BQ7,"OK","NG")) | BR8: =IF(OR(BR7="",BS7=""),"",IF(BR7=BS7,"OK","NG")) | BT8: =IF(OR(BT7="",BU7=""),"",IF(BT7=BU7,"OK","NG")) | BV8: =IF(OR(BV7="",BW7=""),"",IF(BV7=BW7,"OK","NG")) | BX8: =IF(OR(BX7="",BY7=""),"",IF(BX7=BY7,"OK","NG")) | BZ8: =IF(OR(BZ7="",CA7=""),"",IF(BZ7=CA7,"OK","NG")) | CB8: =IF(OR(CB7="",CC7=""),"",IF(CB7=CC7,"OK","NG")) | CD8: =IF(OR(CD7="",CE7=""),"",IF(CD7=CE7,"OK","NG")) | CF8: =IF(OR(CF7="",CG7=""),"",IF(CF7=CG7,"OK","NG")) | CH8: =IF(OR(CH7="",CI7=""),"",IF(CH7=CI7,"OK","NG")) | CJ8: =IF(OR(CJ7="",CK7=""),"",IF(CJ7=CK7,"OK","NG")) | CL8: =IF(OR(CL7="",CM7=""),"",IF(CL7=CM7,"OK","NG")) | CN8: =IF(OR(CN7="",CO7=""),"",IF(CN7=CO7,"OK","NG")) | CP8: =IF(OR(CP7="",CQ7=""),"",IF(CP7=CQ7,"OK","NG")) | CR8: =IF(OR(CR7="",CS7=""),"",IF(CR7=CS7,"OK","NG")) | CT8: =IF(OR(CT7="",CU7=""),"",IF(CT7=CU7,"OK","NG")) | CV8: =IF(OR(CV7="",CW7=""),"",IF(CV7=CW7,"OK","NG"))
A9: Select | F9: =IF(F8="OK",F7,) -> 70 | H9: =IF(H8="OK",H7,) -> 50 | J9: =IF(J8="OK",J7,) -> 70 | L9: =IF(L8="OK",L7,) -> 50 | N9: =IF(N8="OK",N7,) -> 70 | P9: =IF(P8="OK",P7,) -> 50 | R9: =IF(R8="OK",R7,) -> 70 | T9: =IF(T8="OK",T7,) -> 50 | V9: =IF(V8="OK",V7,) -> 70 | X9: =IF(X8="OK",X7,) -> 50 | Z9: =IF(Z8="OK",Z7,) -> 70 | AB9: =IF(AB8="OK",AB7,) -> 50 | AD9: =IF(AD8="OK",AD7,) -> 604 | AF9: =IF(AF8="OK",AF7,) -> 724 | AH9: =IF(AH8="OK",AH7,) -> 70 | AJ9: =IF(AJ8="OK",AJ7,) -> 50 | AL9: =IF(AL8="OK",AL7,) -> 70 | AN9: =IF(AN8="OK",AN7,) -> 50 | AP9: =IF(AP8="OK",AP7,) -> 70 | AR9: =IF(AR8="OK",AR7,) -> 50 | AT9: =IF(AT8="OK",AT7,) -> 70 | AV9: =IF(AV8="OK",AV7,) -> 50 | AX9: =IF(AX8="OK",AX7,) -> 70 | AZ9: =IF(AZ8="OK",AZ7,) -> 50 | BB9: =IF(BB8="OK",BB7,) -> 70 | BD9: =IF(BD8="OK",BD7,) -> 50 | BF9: =IF(BF8="OK",BF7,) -> 0 | BH9: =IF(BH8="OK",BH7,) -> 0 | BJ9: =IF(BJ8="OK",BJ7,) -> 0 | BL9: =IF(BL8="OK",BL7,) -> 0 | BN9: =IF(BN8="OK",BN7,) -> 0 | BP9: =IF(BP8="OK",BP7,) -> 0 | BR9: =IF(BR8="OK",BR7,) -> 0 | BT9: =IF(BT8="OK",BT7,) -> 0 | BV9: =IF(BV8="OK",BV7,) -> 0 | BX9: =IF(BX8="OK",BX7,) -> 0 | BZ9: =IF(BZ8="OK",BZ7,) -> 0 | CB9: =IF(CB8="OK",CB7,) -> 0 | CD9: =IF(CD8="OK",CD7,) -> 0 | CF9: =IF(CF8="OK",CF7,) -> 0 | CH9: =IF(CH8="OK",CH7,) -> 0 | CJ9: =IF(CJ8="OK",CJ7,) -> 0 | CL9: =IF(CL8="OK",CL7,) -> 0 | CN9: =IF(CN8="OK",CN7,) -> 0 | CP9: =IF(CP8="OK",CP7,) -> 0 | CR9: =IF(CR8="OK",CR7,) -> 0 | CT9: =IF(CT8="OK",CT7,) -> 0 | CV9: =IF(CV8="OK",CV7,) -> 0
B11: Automatic calculation | CX11: Maker data
A12: NO | B12: Group 1 | F12: Group 2 | J12: Group 3 | N12: Group 4 | R12: Group 5 | V12: Group 6 | Z12: Group 7 | AD12: Group 8 | AH12: Group 9 | AL12: Group 10 | AP12: Group 11 | AT12: Group 12 | AX12: Group 13 | BB12: Group 14 | BF12: Group 15 | BJ12: Group 16 | BN12: Group 17 | BR12: Group 18 | BV12: Group 19 | BZ12: Group 20 | CD12: Group 21 | CH12: Group 22 | CL12: Group 23 | CP12: Group 24 | CT12: Group 25 | CX12: Group 1 | DB12: Group 2 | DF12: Group 3 | DJ12: Group 4 | DN12: Group 5 | DR12: Group 6 | DV12: Group 7 | DZ12: Group 8 | ED12: Group 9 | EH12: Group 10 | EL12: Group 11 | EP12: Group 12 | ET12: Group 13 | EX12: Group 14 | FB12: Group 15 | FF12: Group 16 | FJ12: Group 17 | FN12: Group 18 | FR12: Group 19 | FV12: Group 20 | FZ12: Group 21 | GD12: Group 22 | GH12: Group 23 | GL12: Group 24 | GP12: Group 25
A13: =IF(B13="","",1) -> 1 | B13: 2049 | C13: 2050 | D13: 49 | E13: 50 | F13: =IF(OR($F$9=0,$H$9=0,B13=""),"",IF(B13>=$G$2,B13+$H$9,B13+$F$9)) -> 2099 | G13: =IF(OR($F$9=0,$H$9=0,C13=""),"",IF(C13>=$G$2,C13+$H$9,C13+$F$9)) -> 2100 | H13: =IF(OR($F$9=0,$H$9=0,D13=""),"",IF(D13>=$G$2,D13+$H$9,D13+$F$9)) -> 119 | I13: =IF(OR($F$9=0,$H$9=0,E13=""),"",IF(E13>=$G$2,E13+$H$9,E13+$F$9)) -> 120 | J13: =IF(OR($J$9=0,$L$9=0,F13=""),"",IF(F13>=$G$2,F13+$L$9,F13+$J$9)) -> 2149 | K13: =IF(OR($J$9=0,$L$9=0,G13=""),"",IF(G13>=$G$2,G13+$L$9,G13+$J$9)) -> 2150 | L13: =IF(OR($J$9=0,$L$9=0,H13=""),"",IF(H13>=$G$2,H13+$L$9,H13+$J$9)) -> 189 | M13: =IF(OR($J$9=0,$L$9=0,I13=""),"",IF(I13>=$G$2,I13+$L$9,I13+$J$9)) -> 190 | N13: =IF(OR($N$9=0,$P$9=0,J13=""),"",IF(J13>=$G$2,J13+$P$9,J13+$N$9)) -> 2199 | O13: =IF(OR($N$9=0,$P$9=0,K13=""),"",IF(K13>=$G$2,K13+$P$9,K13+$N$9)) -> 2200 | P13: =IF(OR($N$9=0,$P$9=0,L13=""),"",IF(L13>=$G$2,L13+$P$9,L13+$N$9)) -> 259 | Q13: =IF(OR($N$9=0,$P$9=0,M13=""),"",IF(M13>=$G$2,M13+$P$9,M13+$N$9)) -> 260 | R13: =IF(OR($R$9=0,$T$9=0,N13=""),"",IF(N13>=$G$2,N13+$T$9,N13+$R$9)) -> 2249 | S13: =IF(OR($R$9=0,$T$9=0,O13=""),"",IF(O13>=$G$2,O13+$T$9,O13+$R$9)) -> 2250 | T13: =IF(OR($R$9=0,$T$9=0,P13=""),"",IF(P13>=$G$2,P13+$T$9,P13+$R$9)) -> 329 | U13: =IF(OR($R$9=0,$T$9=0,Q13=""),"",IF(Q13>=$G$2,Q13+$T$9,Q13+$R$9)) -> 330 | V13: =IF(OR($V$9=0,$X$9=0,R13=""),"",IF(R13>=$G$2,R13+$X$9,R13+$V$9)) -> 2299 | W13: =IF(OR($V$9=0,$X$9=0,S13=""),"",IF(S13>=$G$2,S13+$X$9,S13+$V$9)) -> 2300 | X13: =IF(OR($V$9=0,$X$9=0,T13=""),"",IF(T13>=$G$2,T13+$X$9,T13+$V$9)) -> 399 | Y13: =IF(OR($V$9=0,$X$9=0,U13=""),"",IF(U13>=$G$2,U13+$X$9,U13+$V$9)) -> 400 | Z13: =IF(OR($Z$9=0,$AB$9=0,V13=""),"",IF(V13>=$G$2,V13+$AB$9,V13+$Z$9)) -> 2349 | AA13: =IF(OR($Z$9=0,$AB$9=0,W13=""),"",IF(W13>=$G$2,W13+$AB$9,W13+$Z$9)) -> 2350 | AB13: =IF(OR($Z$9=0,$AB$9=0,X13=""),"",IF(X13>=$G$2,X13+$AB$9,X13+$Z$9)) -> 469 | AC13: =IF(OR($Z$9=0,$AB$9=0,Y13=""),"",IF(Y13>=$G$2,Y13+$AB$9,Y13+$Z$9)) -> 470 | AD13: =IF(OR($AD$9=0,$AF$9=0,Z13=""),"",IF(Z13>=$G$2,Z13+$AF$9,Z13+$AD$9)) -> 3073 | AE13: =IF(OR($AD$9=0,$AF$9=0,AA13=""),"",IF(AA13>=$G$2,AA13+$AF$9,AA13+$AD$9)) -> 3074 | AF13: =IF(OR($AD$9=0,$AF$9=0,AB13=""),"",IF(AB13>=$G$2,AB13+$AF$9,AB13+$AD$9)) -> 1073 | AG13: =IF(OR($AD$9=0,$AF$9=0,AC13=""),"",IF(AC13>=$G$2,AC13+$AF$9,AC13+$AD$9)) -> 1074 | AH13: =IF(OR($AH$9=0,$AJ$9=0,AD13=""),"",IF(AD13>=$G$2,AD13+$AJ$9,AD13+$AH$9)) -> 3123 | AI13: =IF(OR($AH$9=0,$AJ$9=0,AE13=""),"",IF(AE13>=$G$2,AE13+$AJ$9,AE13+$AH$9)) -> 3124 | AJ13: =IF(OR($AH$9=0,$AJ$9=0,AF13=""),"",IF(AF13>=$G$2,AF13+$AJ$9,AF13+$AH$9)) -> 1143 | AK13: =IF(OR($AH$9=0,$AJ$9=0,AG13=""),"",IF(AG13>=$G$2,AG13+$AJ$9,AG13+$AH$9)) -> 1144 | AL13: =IF(OR($AL$9=0,$AN$9=0,AH13=""),"",IF(AH13>=$G$2,AH13+$AN$9,AH13+$AL$9)) -> 3173 | AM13: =IF(OR($AL$9=0,$AN$9=0,AI13=""),"",IF(AI13>=$G$2,AI13+$AN$9,AI13+$AL$9)) -> 3174 | AN13: =IF(OR($AL$9=0,$AN$9=0,AJ13=""),"",IF(AJ13>=$G$2,AJ13+$AN$9,AJ13+$AL$9)) -> 1213 | AO13: =IF(OR($AL$9=0,$AN$9=0,AK13=""),"",IF(AK13>=$G$2,AK13+$AN$9,AK13+$AL$9)) -> 1214 | AP13: =IF(OR($AP$9=0,$AR$9=0,AL13=""),"",IF(AL13>=$G$2,AL13+$AR$9,AL13+$AP$9)) -> 3223 | AQ13: =IF(OR($AP$9=0,$AR$9=0,AM13=""),"",IF(AM13>=$G$2,AM13+$AR$9,AM13+$AP$9)) -> 3224 | AR13: =IF(OR($AP$9=0,$AR$9=0,AN13=""),"",IF(AN13>=$G$2,AN13+$AR$9,AN13+$AP$9)) -> 1283 | AS13: =IF(OR($AP$9=0,$AR$9=0,AO13=""),"",IF(AO13>=$G$2,AO13+$AR$9,AO13+$AP$9)) -> 1284 | AT13: =IF(OR($AT$9=0,$AV$9=0,AP13=""),"",IF(AP13>=$G$2,AP13+$AV$9,AP13+$AT$9)) -> 3273 | AU13: =IF(OR($AT$9=0,$AV$9=0,AQ13=""),"",IF(AQ13>=$G$2,AQ13+$AV$9,AQ13+$AT$9)) -> 3274 | AV13: =IF(OR($AT$9=0,$AV$9=0,AR13=""),"",IF(AR13>=$G$2,AR13+$AV$9,AR13+$AT$9)) -> 1353 | AW13: =IF(OR($AT$9=0,$AV$9=0,AS13=""),"",IF(AS13>=$G$2,AS13+$AV$9,AS13+$AT$9)) -> 1354 | AX13: =IF(OR($AX$9=0,$AZ$9=0,AT13=""),"",IF(AT13>=$G$2,AT13+$AZ$9,AT13+$AX$9)) -> 3323 | AY13: =IF(OR($AX$9=0,$AZ$9=0,AU13=""),"",IF(AU13>=$G$2,AU13+$AZ$9,AU13+$AX$9)) -> 3324 | AZ13: =IF(OR($AX$9=0,$AZ$9=0,AV13=""),"",IF(AV13>=$G$2,AV13+$AZ$9,AV13+$AX$9)) -> 1423 | BA13: =IF(OR($AX$9=0,$AZ$9=0,AW13=""),"",IF(AW13>=$G$2,AW13+$AZ$9,AW13+$AX$9)) -> 1424 | BB13: =IF(OR($BB$9=0,$BD$9=0,AX13=""),"",IF(AX13>=$G$2,AX13+$BD$9,AX13+$BB$9)) -> 3373 | BC13: =IF(OR($BB$9=0,$BD$9=0,AY13=""),"",IF(AY13>=$G$2,AY13+$BD$9,AY13+$BB$9)) -> 3374 | BD13: =IF(OR($BB$9=0,$BD$9=0,AZ13=""),"",IF(AZ13>=$G$2,AZ13+$BD$9,AZ13+$BB$9)) -> 1493 | BE13: =IF(OR($BB$9=0,$BD$9=0,BA13=""),"",IF(BA13>=$G$2,BA13+$BD$9,BA13+$BB$9)) -> 1494 | BF13: =IF(OR($BF$9=0,$BH$9=0,BB13=""),"",IF(BB13>=$G$2,BB13+$BH$9,BB13+$BF$9)) | BG13: =IF(OR($BF$9=0,$BH$9=0,BC13=""),"",IF(BC13>=$G$2,BC13+$BH$9,BC13+$BF$9)) | BH13: =IF(OR($BF$9=0,$BH$9=0,BD13=""),"",IF(BD13>=$G$2,BD13+$BH$9,BD13+$BF$9)) | BI13: =IF(OR($BF$9=0,$BH$9=0,BE13=""),"",IF(BE13>=$G$2,BE13+$BH$9,BE13+$BF$9)) | BJ13: =IF(OR($BJ$9=0,$BL$9=0,BF13=""),"",IF(BF13>=$G$2,BF13+$BL$9,BF13+$BJ$9)) | BK13: =IF(OR($BJ$9=0,$BL$9=0,BG13=""),"",IF(BG13>=$G$2,BG13+$BL$9,BG13+$BJ$9)) | BL13: =IF(OR($BJ$9=0,$BL$9=0,BH13=""),"",IF(BH13>=$G$2,BH13+$BL$9,BH13+$BJ$9)) | BM13: =IF(OR($BJ$9=0,$BL$9=0,BI13=""),"",IF(BI13>=$G$2,BI13+$BL$9,BI13+$BJ$9)) | BN13: =IF(OR($BN$9=0,$BP$9=0,BJ13=""),"",IF(BJ13>=$G$2,BJ13+$BP$9,BJ13+$BN$9)) | BO13: =IF(OR($BN$9=0,$BP$9=0,BK13=""),"",IF(BK13>=$G$2,BK13+$BP$9,BK13+$BN$9)) | BP13: =IF(OR($BN$9=0,$BP$9=0,BL13=""),"",IF(BL13>=$G$2,BL13+$BP$9,BL13+$BN$9)) | BQ13: =IF(OR($BN$9=0,$BP$9=0,BM13=""),"",IF(BM13>=$G$2,BM13+$BP$9,BM13+$BN$9)) | BR13: =IF(OR($BR$9=0,$BT$9=0,BN13=""),"",IF(BN13>=$G$2,BN13+$BT$9,BN13+$BR$9)) | BS13: =IF(OR($BR$9=0,$BT$9=0,BO13=""),"",IF(BO13>=$G$2,BO13+$BT$9,BO13+$BR$9)) | BT13: =IF(OR($BR$9=0,$BT$9=0,BP13=""),"",IF(BP13>=$G$2,BP13+$BT$9,BP13+$BR$9)) | BU13: =IF(OR($BR$9=0,$BT$9=0,BQ13=""),"",IF(BQ13>=$G$2,BQ13+$BT$9,BQ13+$BR$9)) | BV13: =IF(OR($BV$9=0,$BX$9=0,BR13=""),"",IF(BR13>=$G$2,BR13+$BX$9,BR13+$BV$9)) | BW13: =IF(OR($BV$9=0,$BX$9=0,BS13=""),"",IF(BS13>=$G$2,BS13+$BX$9,BS13+$BV$9)) | BX13: =IF(OR($BV$9=0,$BX$9=0,BT13=""),"",IF(BT13>=$G$2,BT13+$BX$9,BT13+$BV$9)) | BY13: =IF(OR($BV$9=0,$BX$9=0,BU13=""),"",IF(BU13>=$G$2,BU13+$BX$9,BU13+$BV$9)) | BZ13: =IF(OR($BZ$9=0,$CB$9=0,BV13=""),"",IF(BV13>=$G$2,BV13+$CB$9,BV13+$BZ$9)) | CA13: =IF(OR($BZ$9=0,$CB$9=0,BW13=""),"",IF(BW13>=$G$2,BW13+$CB$9,BW13+$BZ$9)) | CB13: =IF(OR($BZ$9=0,$CB$9=0,BX13=""),"",IF(BX13>=$G$2,BX13+$CB$9,BX13+$BZ$9)) | CC13: =IF(OR($BZ$9=0,$CB$9=0,BY13=""),"",IF(BY13>=$G$2,BY13+$CB$9,BY13+$BZ$9)) | CD13: =IF(OR($CD$9=0,$CF$9=0,BZ13=""),"",IF(BZ13>=$G$2,BZ13+$CF$9,BZ13+$CD$9)) | CE13: =IF(OR($CD$9=0,$CF$9=0,CA13=""),"",IF(CA13>=$G$2,CA13+$CF$9,CA13+$CD$9)) | CF13: =IF(OR($CD$9=0,$CF$9=0,CB13=""),"",IF(CB13>=$G$2,CB13+$CF$9,CB13+$CD$9)) | CG13: =IF(OR($CD$9=0,$CF$9=0,CC13=""),"",IF(CC13>=$G$2,CC13+$CF$9,CC13+$CD$9)) | CH13: =IF(OR($CH$9=0,$CJ$9=0,CD13=""),"",IF(CD13>=$G$2,CD13+$CJ$9,CD13+$CH$9)) | CI13: =IF(OR($CH$9=0,$CJ$9=0,CE13=""),"",IF(CE13>=$G$2,CE13+$CJ$9,CE13+$CH$9)) | CJ13: =IF(OR($CH$9=0,$CJ$9=0,CF13=""),"",IF(CF13>=$G$2,CF13+$CJ$9,CF13+$CH$9)) | CK13: =IF(OR($CH$9=0,$CJ$9=0,CG13=""),"",IF(CG13>=$G$2,CG13+$CJ$9,CG13+$CH$9)) | CL13: =IF(OR($CL$9=0,$CN$9=0,CH13=""),"",IF(CH13>=$G$2,CH13+$CN$9,CH13+$CL$9)) | CM13: =IF(OR($CL$9=0,$CN$9=0,CI13=""),"",IF(CI13>=$G$2,CI13+$CN$9,CI13+$CL$9)) | CN13: =IF(OR($CL$9=0,$CN$9=0,CJ13=""),"",IF(CJ13>=$G$2,CJ13+$CN$9,CJ13+$CL$9)) | CO13: =IF(OR($CL$9=0,$CN$9=0,CK13=""),"",IF(CK13>=$G$2,CK13+$CN$9,CK13+$CL$9)) | CP13: =IF(OR($CP$9=0,$CR$9=0,CL13=""),"",IF(CL13>=$G$2,CL13+$CR$9,CL13+$CP$9)) | CQ13: =IF(OR($CP$9=0,$CR$9=0,CM13=""),"",IF(CM13>=$G$2,CM13+$CR$9,CM13+$CP$9)) | CR13: =IF(OR($CP$9=0,$CR$9=0,CN13=""),"",IF(CN13>=$G$2,CN13+$CR$9,CN13+$CP$9)) | CS13: =IF(OR($CP$9=0,$CR$9=0,CO13=""),"",IF(CO13>=$G$2,CO13+$CR$9,CO13+$CP$9)) | CT13: =IF(OR($CT$9=0,$CV$9=0,CP13=""),"",IF(CP13>=$G$2,CP13+$CV$9,CP13+$CT$9)) | CU13: =IF(OR($CT$9=0,$CV$9=0,CQ13=""),"",IF(CQ13>=$G$2,CQ13+$CV$9,CQ13+$CT$9)) | CV13: =IF(OR($CT$9=0,$CV$9=0,CR13=""),"",IF(CR13>=$G$2,CR13+$CV$9,CR13+$CT$9)) | CW13: =IF(OR($CT$9=0,$CV$9=0,CS13=""),"",IF(CS13>=$G$2,CS13+$CV$9,CS13+$CT$9)) | CX13: 2049 | CY13: 2050 | CZ13: 49 | DA13: 50 | DB13: 2099 | DC13: 2100 | DD13: 119 | DE13: 120 | DF13: 2149 | DG13: 2150 | DH13: 189 | DI13: 190 | DJ13: 2199 | DK13: 2200 | DL13: 259 | DM13: 260 | DN13: 2249 | DO13: 2250 | DP13: 329 | DQ13: 330 | DR13: 2299 | DS13: 2300 | DT13: 399 | DU13: 400 | DV13: 2349 | DW13: 2350 | DX13: 469 | DY13: 470 | DZ13: 3073 | EA13: 3074 | EB13: 1073 | EC13: 1074 | ED13: 3123 | EE13: 3124 | EF13: 1143 | EG13: 1144 | EH13: 3173 | EI13: 3174 | EJ13: 1213 | EK13: 1214 | EL13: 3223 | EM13: 3224 | EN13: 1283 | EO13: 1284 | EP13: 3273 | EQ13: 3274 | ER13: 1353 | ES13: 1354 | ET13: 3323 | EU13: 3324 | EV13: 1423 | EW13: 1424 | EX13: 3373 | EY13: 3374 | EZ13: 1493 | FA13: 1494
A14: =IF(B14="","",A13+1) -> 2 | B14: 2051 | C14: 2052 | D14: 43 | E14: 44 | F14: =IF(OR($F$9=0,$H$9=0,B14=""),"",IF(B14>=$G$2,B14+$H$9,B14+$F$9)) -> 2101 | G14: =IF(OR($F$9=0,$H$9=0,C14=""),"",IF(C14>=$G$2,C14+$H$9,C14+$F$9)) -> 2102 | H14: =IF(OR($F$9=0,$H$9=0,D14=""),"",IF(D14>=$G$2,D14+$H$9,D14+$F$9)) -> 113 | I14: =IF(OR($F$9=0,$H$9=0,E14=""),"",IF(E14>=$G$2,E14+$H$9,E14+$F$9)) -> 114 | J14: =IF(OR($J$9=0,$L$9=0,F14=""),"",IF(F14>=$G$2,F14+$L$9,F14+$J$9)) -> 2151 | K14: =IF(OR($J$9=0,$L$9=0,G14=""),"",IF(G14>=$G$2,G14+$L$9,G14+$J$9)) -> 2152 | L14: =IF(OR($J$9=0,$L$9=0,H14=""),"",IF(H14>=$G$2,H14+$L$9,H14+$J$9)) -> 183 | M14: =IF(OR($J$9=0,$L$9=0,I14=""),"",IF(I14>=$G$2,I14+$L$9,I14+$J$9)) -> 184 | N14: =IF(OR($N$9=0,$P$9=0,J14=""),"",IF(J14>=$G$2,J14+$P$9,J14+$N$9)) -> 2201 | O14: =IF(OR($N$9=0,$P$9=0,K14=""),"",IF(K14>=$G$2,K14+$P$9,K14+$N$9)) -> 2202 | P14: =IF(OR($N$9=0,$P$9=0,L14=""),"",IF(L14>=$G$2,L14+$P$9,L14+$N$9)) -> 253 | Q14: =IF(OR($N$9=0,$P$9=0,M14=""),"",IF(M14>=$G$2,M14+$P$9,M14+$N$9)) -> 254 | R14: =IF(OR($R$9=0,$T$9=0,N14=""),"",IF(N14>=$G$2,N14+$T$9,N14+$R$9)) -> 2251 | S14: =IF(OR($R$9=0,$T$9=0,O14=""),"",IF(O14>=$G$2,O14+$T$9,O14+$R$9)) -> 2252 | T14: =IF(OR($R$9=0,$T$9=0,P14=""),"",IF(P14>=$G$2,P14+$T$9,P14+$R$9)) -> 323 | U14: =IF(OR($R$9=0,$T$9=0,Q14=""),"",IF(Q14>=$G$2,Q14+$T$9,Q14+$R$9)) -> 324 | V14: =IF(OR($V$9=0,$X$9=0,R14=""),"",IF(R14>=$G$2,R14+$X$9,R14+$V$9)) -> 2301 | W14: =IF(OR($V$9=0,$X$9=0,S14=""),"",IF(S14>=$G$2,S14+$X$9,S14+$V$9)) -> 2302 | X14: =IF(OR($V$9=0,$X$9=0,T14=""),"",IF(T14>=$G$2,T14+$X$9,T14+$V$9)) -> 393 | Y14: =IF(OR($V$9=0,$X$9=0,U14=""),"",IF(U14>=$G$2,U14+$X$9,U14+$V$9)) -> 394 | Z14: =IF(OR($Z$9=0,$AB$9=0,V14=""),"",IF(V14>=$G$2,V14+$AB$9,V14+$Z$9)) -> 2351 | AA14: =IF(OR($Z$9=0,$AB$9=0,W14=""),"",IF(W14>=$G$2,W14+$AB$9,W14+$Z$9)) -> 2352 | AB14: =IF(OR($Z$9=0,$AB$9=0,X14=""),"",IF(X14>=$G$2,X14+$AB$9,X14+$Z$9)) -> 463 | AC14: =IF(OR($Z$9=0,$AB$9=0,Y14=""),"",IF(Y14>=$G$2,Y14+$AB$9,Y14+$Z$9)) -> 464 | AD14: =IF(OR($AD$9=0,$AF$9=0,Z14=""),"",IF(Z14>=$G$2,Z14+$AF$9,Z14+$AD$9)) -> 3075 | AE14: =IF(OR($AD$9=0,$AF$9=0,AA14=""),"",IF(AA14>=$G$2,AA14+$AF$9,AA14+$AD$9)) -> 3076 | AF14: =IF(OR($AD$9=0,$AF$9=0,AB14=""),"",IF(AB14>=$G$2,AB14+$AF$9,AB14+$AD$9)) -> 1067 | AG14: =IF(OR($AD$9=0,$AF$9=0,AC14=""),"",IF(AC14>=$G$2,AC14+$AF$9,AC14+$AD$9)) -> 1068 | AH14: =IF(OR($AH$9=0,$AJ$9=0,AD14=""),"",IF(AD14>=$G$2,AD14+$AJ$9,AD14+$AH$9)) -> 3125 | AI14: =IF(OR($AH$9=0,$AJ$9=0,AE14=""),"",IF(AE14>=$G$2,AE14+$AJ$9,AE14+$AH$9)) -> 3126 | AJ14: =IF(OR($AH$9=0,$AJ$9=0,AF14=""),"",IF(AF14>=$G$2,AF14+$AJ$9,AF14+$AH$9)) -> 1137 | AK14: =IF(OR($AH$9=0,$AJ$9=0,AG14=""),"",IF(AG14>=$G$2,AG14+$AJ$9,AG14+$AH$9)) -> 1138 | AL14: =IF(OR($AL$9=0,$AN$9=0,AH14=""),"",IF(AH14>=$G$2,AH14+$AN$9,AH14+$AL$9)) -> 3175 | AM14: =IF(OR($AL$9=0,$AN$9=0,AI14=""),"",IF(AI14>=$G$2,AI14+$AN$9,AI14+$AL$9)) -> 3176 | AN14: =IF(OR($AL$9=0,$AN$9=0,AJ14=""),"",IF(AJ14>=$G$2,AJ14+$AN$9,AJ14+$AL$9)) -> 1207 | AO14: =IF(OR($AL$9=0,$AN$9=0,AK14=""),"",IF(AK14>=$G$2,AK14+$AN$9,AK14+$AL$9)) -> 1208 | AP14: =IF(OR($AP$9=0,$AR$9=0,AL14=""),"",IF(AL14>=$G$2,AL14+$AR$9,AL14+$AP$9)) -> 3225 | AQ14: =IF(OR($AP$9=0,$AR$9=0,AM14=""),"",IF(AM14>=$G$2,AM14+$AR$9,AM14+$AP$9)) -> 3226 | AR14: =IF(OR($AP$9=0,$AR$9=0,AN14=""),"",IF(AN14>=$G$2,AN14+$AR$9,AN14+$AP$9)) -> 1277 | AS14: =IF(OR($AP$9=0,$AR$9=0,AO14=""),"",IF(AO14>=$G$2,AO14+$AR$9,AO14+$AP$9)) -> 1278 | AT14: =IF(OR($AT$9=0,$AV$9=0,AP14=""),"",IF(AP14>=$G$2,AP14+$AV$9,AP14+$AT$9)) -> 3275 | AU14: =IF(OR($AT$9=0,$AV$9=0,AQ14=""),"",IF(AQ14>=$G$2,AQ14+$AV$9,AQ14+$AT$9)) -> 3276 | AV14: =IF(OR($AT$9=0,$AV$9=0,AR14=""),"",IF(AR14>=$G$2,AR14+$AV$9,AR14+$AT$9)) -> 1347 | AW14: =IF(OR($AT$9=0,$AV$9=0,AS14=""),"",IF(AS14>=$G$2,AS14+$AV$9,AS14+$AT$9)) -> 1348 | AX14: =IF(OR($AX$9=0,$AZ$9=0,AT14=""),"",IF(AT14>=$G$2,AT14+$AZ$9,AT14+$AX$9)) -> 3325 | AY14: =IF(OR($AX$9=0,$AZ$9=0,AU14=""),"",IF(AU14>=$G$2,AU14+$AZ$9,AU14+$AX$9)) -> 3326 | AZ14: =IF(OR($AX$9=0,$AZ$9=0,AV14=""),"",IF(AV14>=$G$2,AV14+$AZ$9,AV14+$AX$9)) -> 1417 | BA14: =IF(OR($AX$9=0,$AZ$9=0,AW14=""),"",IF(AW14>=$G$2,AW14+$AZ$9,AW14+$AX$9)) -> 1418 | BB14: =IF(OR($BB$9=0,$BD$9=0,AX14=""),"",IF(AX14>=$G$2,AX14+$BD$9,AX14+$BB$9)) -> 3375 | BC14: =IF(OR($BB$9=0,$BD$9=0,AY14=""),"",IF(AY14>=$G$2,AY14+$BD$9,AY14+$BB$9)) -> 3376 | BD14: =IF(OR($BB$9=0,$BD$9=0,AZ14=""),"",IF(AZ14>=$G$2,AZ14+$BD$9,AZ14+$BB$9)) -> 1487 | BE14: =IF(OR($BB$9=0,$BD$9=0,BA14=""),"",IF(BA14>=$G$2,BA14+$BD$9,BA14+$BB$9)) -> 1488 | BF14: =IF(OR($BF$9=0,$BH$9=0,BB14=""),"",IF(BB14>=$G$2,BB14+$BH$9,BB14+$BF$9)) | BG14: =IF(OR($BF$9=0,$BH$9=0,BC14=""),"",IF(BC14>=$G$2,BC14+$BH$9,BC14+$BF$9)) | BH14: =IF(OR($BF$9=0,$BH$9=0,BD14=""),"",IF(BD14>=$G$2,BD14+$BH$9,BD14+$BF$9)) | BI14: =IF(OR($BF$9=0,$BH$9=0,BE14=""),"",IF(BE14>=$G$2,BE14+$BH$9,BE14+$BF$9)) | BJ14: =IF(OR($BJ$9=0,$BL$9=0,BF14=""),"",IF(BF14>=$G$2,BF14+$BL$9,BF14+$BJ$9)) | BK14: =IF(OR($BJ$9=0,$BL$9=0,BG14=""),"",IF(BG14>=$G$2,BG14+$BL$9,BG14+$BJ$9)) | BL14: =IF(OR($BJ$9=0,$BL$9=0,BH14=""),"",IF(BH14>=$G$2,BH14+$BL$9,BH14+$BJ$9)) | BM14: =IF(OR($BJ$9=0,$BL$9=0,BI14=""),"",IF(BI14>=$G$2,BI14+$BL$9,BI14+$BJ$9)) | BN14: =IF(OR($BN$9=0,$BP$9=0,BJ14=""),"",IF(BJ14>=$G$2,BJ14+$BP$9,BJ14+$BN$9)) | BO14: =IF(OR($BN$9=0,$BP$9=0,BK14=""),"",IF(BK14>=$G$2,BK14+$BP$9,BK14+$BN$9)) | BP14: =IF(OR($BN$9=0,$BP$9=0,BL14=""),"",IF(BL14>=$G$2,BL14+$BP$9,BL14+$BN$9)) | BQ14: =IF(OR($BN$9=0,$BP$9=0,BM14=""),"",IF(BM14>=$G$2,BM14+$BP$9,BM14+$BN$9)) | BR14: =IF(OR($BR$9=0,$BT$9=0,BN14=""),"",IF(BN14>=$G$2,BN14+$BT$9,BN14+$BR$9)) | BS14: =IF(OR($BR$9=0,$BT$9=0,BO14=""),"",IF(BO14>=$G$2,BO14+$BT$9,BO14+$BR$9)) | BT14: =IF(OR($BR$9=0,$BT$9=0,BP14=""),"",IF(BP14>=$G$2,BP14+$BT$9,BP14+$BR$9)) | BU14: =IF(OR($BR$9=0,$BT$9=0,BQ14=""),"",IF(BQ14>=$G$2,BQ14+$BT$9,BQ14+$BR$9)) | BV14: =IF(OR($BV$9=0,$BX$9=0,BR14=""),"",IF(BR14>=$G$2,BR14+$BX$9,BR14+$BV$9)) | BW14: =IF(OR($BV$9=0,$BX$9=0,BS14=""),"",IF(BS14>=$G$2,BS14+$BX$9,BS14+$BV$9)) | BX14: =IF(OR($BV$9=0,$BX$9=0,BT14=""),"",IF(BT14>=$G$2,BT14+$BX$9,BT14+$BV$9)) | BY14: =IF(OR($BV$9=0,$BX$9=0,BU14=""),"",IF(BU14>=$G$2,BU14+$BX$9,BU14+$BV$9)) | BZ14: =IF(OR($BZ$9=0,$CB$9=0,BV14=""),"",IF(BV14>=$G$2,BV14+$CB$9,BV14+$BZ$9)) | CA14: =IF(OR($BZ$9=0,$CB$9=0,BW14=""),"",IF(BW14>=$G$2,BW14+$CB$9,BW14+$BZ$9)) | CB14: =IF(OR($BZ$9=0,$CB$9=0,BX14=""),"",IF(BX14>=$G$2,BX14+$CB$9,BX14+$BZ$9)) | CC14: =IF(OR($BZ$9=0,$CB$9=0,BY14=""),"",IF(BY14>=$G$2,BY14+$CB$9,BY14+$BZ$9)) | CD14: =IF(OR($CD$9=0,$CF$9=0,BZ14=""),"",IF(BZ14>=$G$2,BZ14+$CF$9,BZ14+$CD$9)) | CE14: =IF(OR($CD$9=0,$CF$9=0,CA14=""),"",IF(CA14>=$G$2,CA14+$CF$9,CA14+$CD$9)) | CF14: =IF(OR($CD$9=0,$CF$9=0,CB14=""),"",IF(CB14>=$G$2,CB14+$CF$9,CB14+$CD$9)) | CG14: =IF(OR($CD$9=0,$CF$9=0,CC14=""),"",IF(CC14>=$G$2,CC14+$CF$9,CC14+$CD$9)) | CH14: =IF(OR($CH$9=0,$CJ$9=0,CD14=""),"",IF(CD14>=$G$2,CD14+$CJ$9,CD14+$CH$9)) | CI14: =IF(OR($CH$9=0,$CJ$9=0,CE14=""),"",IF(CE14>=$G$2,CE14+$CJ$9,CE14+$CH$9)) | CJ14: =IF(OR($CH$9=0,$CJ$9=0,CF14=""),"",IF(CF14>=$G$2,CF14+$CJ$9,CF14+$CH$9)) | CK14: =IF(OR($CH$9=0,$CJ$9=0,CG14=""),"",IF(CG14>=$G$2,CG14+$CJ$9,CG14+$CH$9)) | CL14: =IF(OR($CL$9=0,$CN$9=0,CH14=""),"",IF(CH14>=$G$2,CH14+$CN$9,CH14+$CL$9)) | CM14: =IF(OR($CL$9=0,$CN$9=0,CI14=""),"",IF(CI14>=$G$2,CI14+$CN$9,CI14+$CL$9)) | CN14: =IF(OR($CL$9=0,$CN$9=0,CJ14=""),"",IF(CJ14>=$G$2,CJ14+$CN$9,CJ14+$CL$9)) | CO14: =IF(OR($CL$9=0,$CN$9=0,CK14=""),"",IF(CK14>=$G$2,CK14+$CN$9,CK14+$CL$9)) | CP14: =IF(OR($CP$9=0,$CR$9=0,CL14=""),"",IF(CL14>=$G$2,CL14+$CR$9,CL14+$CP$9)) | CQ14: =IF(OR($CP$9=0,$CR$9=0,CM14=""),"",IF(CM14>=$G$2,CM14+$CR$9,CM14+$CP$9)) | CR14: =IF(OR($CP$9=0,$CR$9=0,CN14=""),"",IF(CN14>=$G$2,CN14+$CR$9,CN14+$CP$9)) | CS14: =IF(OR($CP$9=0,$CR$9=0,CO14=""),"",IF(CO14>=$G$2,CO14+$CR$9,CO14+$CP$9)) | CT14: =IF(OR($CT$9=0,$CV$9=0,CP14=""),"",IF(CP14>=$G$2,CP14+$CV$9,CP14+$CT$9)) | CU14: =IF(OR($CT$9=0,$CV$9=0,CQ14=""),"",IF(CQ14>=$G$2,CQ14+$CV$9,CQ14+$CT$9)) | CV14: =IF(OR($CT$9=0,$CV$9=0,CR14=""),"",IF(CR14>=$G$2,CR14+$CV$9,CR14+$CT$9)) | CW14: =IF(OR($CT$9=0,$CV$9=0,CS14=""),"",IF(CS14>=$G$2,CS14+$CV$9,CS14+$CT$9)) | CX14: 2051 | CY14: 2052 | CZ14: 43 | DA14: 44 | DB14: 2101 | DC14: 2102 | DD14: 113 | DE14: 114 | DF14: 2151 | DG14: 2152 | DH14: 183 | DI14: 184 | DJ14: 2201 | DK14: 2202 | DL14: 253 | DM14: 254 | DN14: 2251 | DO14: 2252 | DP14: 323 | DQ14: 324 | DR14: 2301 | DS14: 2302 | DT14: 393 | DU14: 394 | DV14: 2351 | DW14: 2352 | DX14: 463 | DY14: 464 | DZ14: 3075 | EA14: 3076 | EB14: 1067 | EC14: 1068 | ED14: 3125 | EE14: 3126 | EF14: 1137 | EG14: 1138 | EH14: 3175 | EI14: 3176 | EJ14: 1207 | EK14: 1208 | EL14: 3225 | EM14: 3226 | EN14: 1277 | EO14: 1278 | EP14: 3275 | EQ14: 3276 | ER14: 1347 | ES14: 1348 | ET14: 3325 | EU14: 3326 | EV14: 1417 | EW14: 1418 | EX14: 3375 | EY14: 3376 | EZ14: 1487 | FA14: 1488
A15: =IF(B15="","",A14+1) -> 3 | B15: 2053 | C15: 2054 | D15: 47 | E15: 48 | F15: =IF(OR($F$9=0,$H$9=0,B15=""),"",IF(B15>=$G$2,B15+$H$9,B15+$F$9)) -> 2103 | G15: =IF(OR($F$9=0,$H$9=0,C15=""),"",IF(C15>=$G$2,C15+$H$9,C15+$F$9)) -> 2104 | H15: =IF(OR($F$9=0,$H$9=0,D15=""),"",IF(D15>=$G$2,D15+$H$9,D15+$F$9)) -> 117 | I15: =IF(OR($F$9=0,$H$9=0,E15=""),"",IF(E15>=$G$2,E15+$H$9,E15+$F$9)) -> 118 | J15: =IF(OR($J$9=0,$L$9=0,F15=""),"",IF(F15>=$G$2,F15+$L$9,F15+$J$9)) -> 2153 | K15: =IF(OR($J$9=0,$L$9=0,G15=""),"",IF(G15>=$G$2,G15+$L$9,G15+$J$9)) -> 2154 | L15: =IF(OR($J$9=0,$L$9=0,H15=""),"",IF(H15>=$G$2,H15+$L$9,H15+$J$9)) -> 187 | M15: =IF(OR($J$9=0,$L$9=0,I15=""),"",IF(I15>=$G$2,I15+$L$9,I15+$J$9)) -> 188 | N15: =IF(OR($N$9=0,$P$9=0,J15=""),"",IF(J15>=$G$2,J15+$P$9,J15+$N$9)) -> 2203 | O15: =IF(OR($N$9=0,$P$9=0,K15=""),"",IF(K15>=$G$2,K15+$P$9,K15+$N$9)) -> 2204 | P15: =IF(OR($N$9=0,$P$9=0,L15=""),"",IF(L15>=$G$2,L15+$P$9,L15+$N$9)) -> 257 | Q15: =IF(OR($N$9=0,$P$9=0,M15=""),"",IF(M15>=$G$2,M15+$P$9,M15+$N$9)) -> 258 | R15: =IF(OR($R$9=0,$T$9=0,N15=""),"",IF(N15>=$G$2,N15+$T$9,N15+$R$9)) -> 2253 | S15: =IF(OR($R$9=0,$T$9=0,O15=""),"",IF(O15>=$G$2,O15+$T$9,O15+$R$9)) -> 2254 | T15: =IF(OR($R$9=0,$T$9=0,P15=""),"",IF(P15>=$G$2,P15+$T$9,P15+$R$9)) -> 327 | U15: =IF(OR($R$9=0,$T$9=0,Q15=""),"",IF(Q15>=$G$2,Q15+$T$9,Q15+$R$9)) -> 328 | V15: =IF(OR($V$9=0,$X$9=0,R15=""),"",IF(R15>=$G$2,R15+$X$9,R15+$V$9)) -> 2303 | W15: =IF(OR($V$9=0,$X$9=0,S15=""),"",IF(S15>=$G$2,S15+$X$9,S15+$V$9)) -> 2304 | X15: =IF(OR($V$9=0,$X$9=0,T15=""),"",IF(T15>=$G$2,T15+$X$9,T15+$V$9)) -> 397 | Y15: =IF(OR($V$9=0,$X$9=0,U15=""),"",IF(U15>=$G$2,U15+$X$9,U15+$V$9)) -> 398 | Z15: =IF(OR($Z$9=0,$AB$9=0,V15=""),"",IF(V15>=$G$2,V15+$AB$9,V15+$Z$9)) -> 2353 | AA15: =IF(OR($Z$9=0,$AB$9=0,W15=""),"",IF(W15>=$G$2,W15+$AB$9,W15+$Z$9)) -> 2354 | AB15: =IF(OR($Z$9=0,$AB$9=0,X15=""),"",IF(X15>=$G$2,X15+$AB$9,X15+$Z$9)) -> 467 | AC15: =IF(OR($Z$9=0,$AB$9=0,Y15=""),"",IF(Y15>=$G$2,Y15+$AB$9,Y15+$Z$9)) -> 468 | AD15: =IF(OR($AD$9=0,$AF$9=0,Z15=""),"",IF(Z15>=$G$2,Z15+$AF$9,Z15+$AD$9)) -> 3077 | AE15: =IF(OR($AD$9=0,$AF$9=0,AA15=""),"",IF(AA15>=$G$2,AA15+$AF$9,AA15+$AD$9)) -> 3078 | AF15: =IF(OR($AD$9=0,$AF$9=0,AB15=""),"",IF(AB15>=$G$2,AB15+$AF$9,AB15+$AD$9)) -> 1071 | AG15: =IF(OR($AD$9=0,$AF$9=0,AC15=""),"",IF(AC15>=$G$2,AC15+$AF$9,AC15+$AD$9)) -> 1072 | AH15: =IF(OR($AH$9=0,$AJ$9=0,AD15=""),"",IF(AD15>=$G$2,AD15+$AJ$9,AD15+$AH$9)) -> 3127 | AI15: =IF(OR($AH$9=0,$AJ$9=0,AE15=""),"",IF(AE15>=$G$2,AE15+$AJ$9,AE15+$AH$9)) -> 3128 | AJ15: =IF(OR($AH$9=0,$AJ$9=0,AF15=""),"",IF(AF15>=$G$2,AF15+$AJ$9,AF15+$AH$9)) -> 1141 | AK15: =IF(OR($AH$9=0,$AJ$9=0,AG15=""),"",IF(AG15>=$G$2,AG15+$AJ$9,AG15+$AH$9)) -> 1142 | AL15: =IF(OR($AL$9=0,$AN$9=0,AH15=""),"",IF(AH15>=$G$2,AH15+$AN$9,AH15+$AL$9)) -> 3177 | AM15: =IF(OR($AL$9=0,$AN$9=0,AI15=""),"",IF(AI15>=$G$2,AI15+$AN$9,AI15+$AL$9)) -> 3178 | AN15: =IF(OR($AL$9=0,$AN$9=0,AJ15=""),"",IF(AJ15>=$G$2,AJ15+$AN$9,AJ15+$AL$9)) -> 1211 | AO15: =IF(OR($AL$9=0,$AN$9=0,AK15=""),"",IF(AK15>=$G$2,AK15+$AN$9,AK15+$AL$9)) -> 1212 | AP15: =IF(OR($AP$9=0,$AR$9=0,AL15=""),"",IF(AL15>=$G$2,AL15+$AR$9,AL15+$AP$9)) -> 3227 | AQ15: =IF(OR($AP$9=0,$AR$9=0,AM15=""),"",IF(AM15>=$G$2,AM15+$AR$9,AM15+$AP$9)) -> 3228 | AR15: =IF(OR($AP$9=0,$AR$9=0,AN15=""),"",IF(AN15>=$G$2,AN15+$AR$9,AN15+$AP$9)) -> 1281 | AS15: =IF(OR($AP$9=0,$AR$9=0,AO15=""),"",IF(AO15>=$G$2,AO15+$AR$9,AO15+$AP$9)) -> 1282 | AT15: =IF(OR($AT$9=0,$AV$9=0,AP15=""),"",IF(AP15>=$G$2,AP15+$AV$9,AP15+$AT$9)) -> 3277 | AU15: =IF(OR($AT$9=0,$AV$9=0,AQ15=""),"",IF(AQ15>=$G$2,AQ15+$AV$9,AQ15+$AT$9)) -> 3278 | AV15: =IF(OR($AT$9=0,$AV$9=0,AR15=""),"",IF(AR15>=$G$2,AR15+$AV$9,AR15+$AT$9)) -> 1351 | AW15: =IF(OR($AT$9=0,$AV$9=0,AS15=""),"",IF(AS15>=$G$2,AS15+$AV$9,AS15+$AT$9)) -> 1352 | AX15: =IF(OR($AX$9=0,$AZ$9=0,AT15=""),"",IF(AT15>=$G$2,AT15+$AZ$9,AT15+$AX$9)) -> 3327 | AY15: =IF(OR($AX$9=0,$AZ$9=0,AU15=""),"",IF(AU15>=$G$2,AU15+$AZ$9,AU15+$AX$9)) -> 3328 | AZ15: =IF(OR($AX$9=0,$AZ$9=0,AV15=""),"",IF(AV15>=$G$2,AV15+$AZ$9,AV15+$AX$9)) -> 1421 | BA15: =IF(OR($AX$9=0,$AZ$9=0,AW15=""),"",IF(AW15>=$G$2,AW15+$AZ$9,AW15+$AX$9)) -> 1422 | BB15: =IF(OR($BB$9=0,$BD$9=0,AX15=""),"",IF(AX15>=$G$2,AX15+$BD$9,AX15+$BB$9)) -> 3377 | BC15: =IF(OR($BB$9=0,$BD$9=0,AY15=""),"",IF(AY15>=$G$2,AY15+$BD$9,AY15+$BB$9)) -> 3378 | BD15: =IF(OR($BB$9=0,$BD$9=0,AZ15=""),"",IF(AZ15>=$G$2,AZ15+$BD$9,AZ15+$BB$9)) -> 1491 | BE15: =IF(OR($BB$9=0,$BD$9=0,BA15=""),"",IF(BA15>=$G$2,BA15+$BD$9,BA15+$BB$9)) -> 1492 | BF15: =IF(OR($BF$9=0,$BH$9=0,BB15=""),"",IF(BB15>=$G$2,BB15+$BH$9,BB15+$BF$9)) | BG15: =IF(OR($BF$9=0,$BH$9=0,BC15=""),"",IF(BC15>=$G$2,BC15+$BH$9,BC15+$BF$9)) | BH15: =IF(OR($BF$9=0,$BH$9=0,BD15=""),"",IF(BD15>=$G$2,BD15+$BH$9,BD15+$BF$9)) | BI15: =IF(OR($BF$9=0,$BH$9=0,BE15=""),"",IF(BE15>=$G$2,BE15+$BH$9,BE15+$BF$9)) | BJ15: =IF(OR($BJ$9=0,$BL$9=0,BF15=""),"",IF(BF15>=$G$2,BF15+$BL$9,BF15+$BJ$9)) | BK15: =IF(OR($BJ$9=0,$BL$9=0,BG15=""),"",IF(BG15>=$G$2,BG15+$BL$9,BG15+$BJ$9)) | BL15: =IF(OR($BJ$9=0,$BL$9=0,BH15=""),"",IF(BH15>=$G$2,BH15+$BL$9,BH15+$BJ$9)) | BM15: =IF(OR($BJ$9=0,$BL$9=0,BI15=""),"",IF(BI15>=$G$2,BI15+$BL$9,BI15+$BJ$9)) | BN15: =IF(OR($BN$9=0,$BP$9=0,BJ15=""),"",IF(BJ15>=$G$2,BJ15+$BP$9,BJ15+$BN$9)) | BO15: =IF(OR($BN$9=0,$BP$9=0,BK15=""),"",IF(BK15>=$G$2,BK15+$BP$9,BK15+$BN$9)) | BP15: =IF(OR($BN$9=0,$BP$9=0,BL15=""),"",IF(BL15>=$G$2,BL15+$BP$9,BL15+$BN$9)) | BQ15: =IF(OR($BN$9=0,$BP$9=0,BM15=""),"",IF(BM15>=$G$2,BM15+$BP$9,BM15+$BN$9)) | BR15: =IF(OR($BR$9=0,$BT$9=0,BN15=""),"",IF(BN15>=$G$2,BN15+$BT$9,BN15+$BR$9)) | BS15: =IF(OR($BR$9=0,$BT$9=0,BO15=""),"",IF(BO15>=$G$2,BO15+$BT$9,BO15+$BR$9)) | BT15: =IF(OR($BR$9=0,$BT$9=0,BP15=""),"",IF(BP15>=$G$2,BP15+$BT$9,BP15+$BR$9)) | BU15: =IF(OR($BR$9=0,$BT$9=0,BQ15=""),"",IF(BQ15>=$G$2,BQ15+$BT$9,BQ15+$BR$9)) | BV15: =IF(OR($BV$9=0,$BX$9=0,BR15=""),"",IF(BR15>=$G$2,BR15+$BX$9,BR15+$BV$9)) | BW15: =IF(OR($BV$9=0,$BX$9=0,BS15=""),"",IF(BS15>=$G$2,BS15+$BX$9,BS15+$BV$9)) | BX15: =IF(OR($BV$9=0,$BX$9=0,BT15=""),"",IF(BT15>=$G$2,BT15+$BX$9,BT15+$BV$9)) | BY15: =IF(OR($BV$9=0,$BX$9=0,BU15=""),"",IF(BU15>=$G$2,BU15+$BX$9,BU15+$BV$9)) | BZ15: =IF(OR($BZ$9=0,$CB$9=0,BV15=""),"",IF(BV15>=$G$2,BV15+$CB$9,BV15+$BZ$9)) | CA15: =IF(OR($BZ$9=0,$CB$9=0,BW15=""),"",IF(BW15>=$G$2,BW15+$CB$9,BW15+$BZ$9)) | CB15: =IF(OR($BZ$9=0,$CB$9=0,BX15=""),"",IF(BX15>=$G$2,BX15+$CB$9,BX15+$BZ$9)) | CC15: =IF(OR($BZ$9=0,$CB$9=0,BY15=""),"",IF(BY15>=$G$2,BY15+$CB$9,BY15+$BZ$9)) | CD15: =IF(OR($CD$9=0,$CF$9=0,BZ15=""),"",IF(BZ15>=$G$2,BZ15+$CF$9,BZ15+$CD$9)) | CE15: =IF(OR($CD$9=0,$CF$9=0,CA15=""),"",IF(CA15>=$G$2,CA15+$CF$9,CA15+$CD$9)) | CF15: =IF(OR($CD$9=0,$CF$9=0,CB15=""),"",IF(CB15>=$G$2,CB15+$CF$9,CB15+$CD$9)) | CG15: =IF(OR($CD$9=0,$CF$9=0,CC15=""),"",IF(CC15>=$G$2,CC15+$CF$9,CC15+$CD$9)) | CH15: =IF(OR($CH$9=0,$CJ$9=0,CD15=""),"",IF(CD15>=$G$2,CD15+$CJ$9,CD15+$CH$9)) | CI15: =IF(OR($CH$9=0,$CJ$9=0,CE15=""),"",IF(CE15>=$G$2,CE15+$CJ$9,CE15+$CH$9)) | CJ15: =IF(OR($CH$9=0,$CJ$9=0,CF15=""),"",IF(CF15>=$G$2,CF15+$CJ$9,CF15+$CH$9)) | CK15: =IF(OR($CH$9=0,$CJ$9=0,CG15=""),"",IF(CG15>=$G$2,CG15+$CJ$9,CG15+$CH$9)) | CL15: =IF(OR($CL$9=0,$CN$9=0,CH15=""),"",IF(CH15>=$G$2,CH15+$CN$9,CH15+$CL$9)) | CM15: =IF(OR($CL$9=0,$CN$9=0,CI15=""),"",IF(CI15>=$G$2,CI15+$CN$9,CI15+$CL$9)) | CN15: =IF(OR($CL$9=0,$CN$9=0,CJ15=""),"",IF(CJ15>=$G$2,CJ15+$CN$9,CJ15+$CL$9)) | CO15: =IF(OR($CL$9=0,$CN$9=0,CK15=""),"",IF(CK15>=$G$2,CK15+$CN$9,CK15+$CL$9)) | CP15: =IF(OR($CP$9=0,$CR$9=0,CL15=""),"",IF(CL15>=$G$2,CL15+$CR$9,CL15+$CP$9)) | CQ15: =IF(OR($CP$9=0,$CR$9=0,CM15=""),"",IF(CM15>=$G$2,CM15+$CR$9,CM15+$CP$9)) | CR15: =IF(OR($CP$9=0,$CR$9=0,CN15=""),"",IF(CN15>=$G$2,CN15+$CR$9,CN15+$CP$9)) | CS15: =IF(OR($CP$9=0,$CR$9=0,CO15=""),"",IF(CO15>=$G$2,CO15+$CR$9,CO15+$CP$9)) | CT15: =IF(OR($CT$9=0,$CV$9=0,CP15=""),"",IF(CP15>=$G$2,CP15+$CV$9,CP15+$CT$9)) | CU15: =IF(OR($CT$9=0,$CV$9=0,CQ15=""),"",IF(CQ15>=$G$2,CQ15+$CV$9,CQ15+$CT$9)) | CV15: =IF(OR($CT$9=0,$CV$9=0,CR15=""),"",IF(CR15>=$G$2,CR15+$CV$9,CR15+$CT$9)) | CW15: =IF(OR($CT$9=0,$CV$9=0,CS15=""),"",IF(CS15>=$G$2,CS15+$CV$9,CS15+$CT$9)) | CX15: 2053 | CY15: 2054 | CZ15: 47 | DA15: 48 | DB15: 2103 | DC15: 2104 | DD15: 117 | DE15: 118 | DF15: 2153 | DG15: 2154 | DH15: 187 | DI15: 188 | DJ15: 2203 | DK15: 2204 | DL15: 257 | DM15: 258 | DN15: 2253 | DO15: 2254 | DP15: 327 | DQ15: 328 | DR15: 2303 | DS15: 2304 | DT15: 397 | DU15: 398 | DV15: 2353 | DW15: 2354 | DX15: 467 | DY15: 468 | DZ15: 3077 | EA15: 3078 | EB15: 1071 | EC15: 1072 | ED15: 3127 | EE15: 3128 | EF15: 1141 | EG15: 1142 | EH15: 3177 | EI15: 3178 | EJ15: 1211 | EK15: 1212 | EL15: 3227 | EM15: 3228 | EN15: 1281 | EO15: 1282 | EP15: 3277 | EQ15: 3278 | ER15: 1351 | ES15: 1352 | ET15: 3327 | EU15: 3328 | EV15: 1421 | EW15: 1422 | EX15: 3377 | EY15: 3378 | EZ15: 1491 | FA15: 1492
A16: =IF(B16="","",A15+1) -> 4 | B16: 2057 | C16: 2058 | D16: 45 | E16: 46 | F16: =IF(OR($F$9=0,$H$9=0,B16=""),"",IF(B16>=$G$2,B16+$H$9,B16+$F$9)) -> 2107 | G16: =IF(OR($F$9=0,$H$9=0,C16=""),"",IF(C16>=$G$2,C16+$H$9,C16+$F$9)) -> 2108 | H16: =IF(OR($F$9=0,$H$9=0,D16=""),"",IF(D16>=$G$2,D16+$H$9,D16+$F$9)) -> 115 | I16: =IF(OR($F$9=0,$H$9=0,E16=""),"",IF(E16>=$G$2,E16+$H$9,E16+$F$9)) -> 116 | J16: =IF(OR($J$9=0,$L$9=0,F16=""),"",IF(F16>=$G$2,F16+$L$9,F16+$J$9)) -> 2157 | K16: =IF(OR($J$9=0,$L$9=0,G16=""),"",IF(G16>=$G$2,G16+$L$9,G16+$J$9)) -> 2158 | L16: =IF(OR($J$9=0,$L$9=0,H16=""),"",IF(H16>=$G$2,H16+$L$9,H16+$J$9)) -> 185 | M16: =IF(OR($J$9=0,$L$9=0,I16=""),"",IF(I16>=$G$2,I16+$L$9,I16+$J$9)) -> 186 | N16: =IF(OR($N$9=0,$P$9=0,J16=""),"",IF(J16>=$G$2,J16+$P$9,J16+$N$9)) -> 2207 | O16: =IF(OR($N$9=0,$P$9=0,K16=""),"",IF(K16>=$G$2,K16+$P$9,K16+$N$9)) -> 2208 | P16: =IF(OR($N$9=0,$P$9=0,L16=""),"",IF(L16>=$G$2,L16+$P$9,L16+$N$9)) -> 255 | Q16: =IF(OR($N$9=0,$P$9=0,M16=""),"",IF(M16>=$G$2,M16+$P$9,M16+$N$9)) -> 256 | R16: =IF(OR($R$9=0,$T$9=0,N16=""),"",IF(N16>=$G$2,N16+$T$9,N16+$R$9)) -> 2257 | S16: =IF(OR($R$9=0,$T$9=0,O16=""),"",IF(O16>=$G$2,O16+$T$9,O16+$R$9)) -> 2258 | T16: =IF(OR($R$9=0,$T$9=0,P16=""),"",IF(P16>=$G$2,P16+$T$9,P16+$R$9)) -> 325 | U16: =IF(OR($R$9=0,$T$9=0,Q16=""),"",IF(Q16>=$G$2,Q16+$T$9,Q16+$R$9)) -> 326 | V16: =IF(OR($V$9=0,$X$9=0,R16=""),"",IF(R16>=$G$2,R16+$X$9,R16+$V$9)) -> 2307 | W16: =IF(OR($V$9=0,$X$9=0,S16=""),"",IF(S16>=$G$2,S16+$X$9,S16+$V$9)) -> 2308 | X16: =IF(OR($V$9=0,$X$9=0,T16=""),"",IF(T16>=$G$2,T16+$X$9,T16+$V$9)) -> 395 | Y16: =IF(OR($V$9=0,$X$9=0,U16=""),"",IF(U16>=$G$2,U16+$X$9,U16+$V$9)) -> 396 | Z16: =IF(OR($Z$9=0,$AB$9=0,V16=""),"",IF(V16>=$G$2,V16+$AB$9,V16+$Z$9)) -> 2357 | AA16: =IF(OR($Z$9=0,$AB$9=0,W16=""),"",IF(W16>=$G$2,W16+$AB$9,W16+$Z$9)) -> 2358 | AB16: =IF(OR($Z$9=0,$AB$9=0,X16=""),"",IF(X16>=$G$2,X16+$AB$9,X16+$Z$9)) -> 465 | AC16: =IF(OR($Z$9=0,$AB$9=0,Y16=""),"",IF(Y16>=$G$2,Y16+$AB$9,Y16+$Z$9)) -> 466 | AD16: =IF(OR($AD$9=0,$AF$9=0,Z16=""),"",IF(Z16>=$G$2,Z16+$AF$9,Z16+$AD$9)) -> 3081 | AE16: =IF(OR($AD$9=0,$AF$9=0,AA16=""),"",IF(AA16>=$G$2,AA16+$AF$9,AA16+$AD$9)) -> 3082 | AF16: =IF(OR($AD$9=0,$AF$9=0,AB16=""),"",IF(AB16>=$G$2,AB16+$AF$9,AB16+$AD$9)) -> 1069 | AG16: =IF(OR($AD$9=0,$AF$9=0,AC16=""),"",IF(AC16>=$G$2,AC16+$AF$9,AC16+$AD$9)) -> 1070 | AH16: =IF(OR($AH$9=0,$AJ$9=0,AD16=""),"",IF(AD16>=$G$2,AD16+$AJ$9,AD16+$AH$9)) -> 3131 | AI16: =IF(OR($AH$9=0,$AJ$9=0,AE16=""),"",IF(AE16>=$G$2,AE16+$AJ$9,AE16+$AH$9)) -> 3132 | AJ16: =IF(OR($AH$9=0,$AJ$9=0,AF16=""),"",IF(AF16>=$G$2,AF16+$AJ$9,AF16+$AH$9)) -> 1139 | AK16: =IF(OR($AH$9=0,$AJ$9=0,AG16=""),"",IF(AG16>=$G$2,AG16+$AJ$9,AG16+$AH$9)) -> 1140 | AL16: =IF(OR($AL$9=0,$AN$9=0,AH16=""),"",IF(AH16>=$G$2,AH16+$AN$9,AH16+$AL$9)) -> 3181 | AM16: =IF(OR($AL$9=0,$AN$9=0,AI16=""),"",IF(AI16>=$G$2,AI16+$AN$9,AI16+$AL$9)) -> 3182 | AN16: =IF(OR($AL$9=0,$AN$9=0,AJ16=""),"",IF(AJ16>=$G$2,AJ16+$AN$9,AJ16+$AL$9)) -> 1209 | AO16: =IF(OR($AL$9=0,$AN$9=0,AK16=""),"",IF(AK16>=$G$2,AK16+$AN$9,AK16+$AL$9)) -> 1210 | AP16: =IF(OR($AP$9=0,$AR$9=0,AL16=""),"",IF(AL16>=$G$2,AL16+$AR$9,AL16+$AP$9)) -> 3231 | AQ16: =IF(OR($AP$9=0,$AR$9=0,AM16=""),"",IF(AM16>=$G$2,AM16+$AR$9,AM16+$AP$9)) -> 3232 | AR16: =IF(OR($AP$9=0,$AR$9=0,AN16=""),"",IF(AN16>=$G$2,AN16+$AR$9,AN16+$AP$9)) -> 1279 | AS16: =IF(OR($AP$9=0,$AR$9=0,AO16=""),"",IF(AO16>=$G$2,AO16+$AR$9,AO16+$AP$9)) -> 1280 | AT16: =IF(OR($AT$9=0,$AV$9=0,AP16=""),"",IF(AP16>=$G$2,AP16+$AV$9,AP16+$AT$9)) -> 3281 | AU16: =IF(OR($AT$9=0,$AV$9=0,AQ16=""),"",IF(AQ16>=$G$2,AQ16+$AV$9,AQ16+$AT$9)) -> 3282 | AV16: =IF(OR($AT$9=0,$AV$9=0,AR16=""),"",IF(AR16>=$G$2,AR16+$AV$9,AR16+$AT$9)) -> 1349 | AW16: =IF(OR($AT$9=0,$AV$9=0,AS16=""),"",IF(AS16>=$G$2,AS16+$AV$9,AS16+$AT$9)) -> 1350 | AX16: =IF(OR($AX$9=0,$AZ$9=0,AT16=""),"",IF(AT16>=$G$2,AT16+$AZ$9,AT16+$AX$9)) -> 3331 | AY16: =IF(OR($AX$9=0,$AZ$9=0,AU16=""),"",IF(AU16>=$G$2,AU16+$AZ$9,AU16+$AX$9)) -> 3332 | AZ16: =IF(OR($AX$9=0,$AZ$9=0,AV16=""),"",IF(AV16>=$G$2,AV16+$AZ$9,AV16+$AX$9)) -> 1419 | BA16: =IF(OR($AX$9=0,$AZ$9=0,AW16=""),"",IF(AW16>=$G$2,AW16+$AZ$9,AW16+$AX$9)) -> 1420 | BB16: =IF(OR($BB$9=0,$BD$9=0,AX16=""),"",IF(AX16>=$G$2,AX16+$BD$9,AX16+$BB$9)) -> 3381 | BC16: =IF(OR($BB$9=0,$BD$9=0,AY16=""),"",IF(AY16>=$G$2,AY16+$BD$9,AY16+$BB$9)) -> 3382 | BD16: =IF(OR($BB$9=0,$BD$9=0,AZ16=""),"",IF(AZ16>=$G$2,AZ16+$BD$9,AZ16+$BB$9)) -> 1489 | BE16: =IF(OR($BB$9=0,$BD$9=0,BA16=""),"",IF(BA16>=$G$2,BA16+$BD$9,BA16+$BB$9)) -> 1490 | BF16: =IF(OR($BF$9=0,$BH$9=0,BB16=""),"",IF(BB16>=$G$2,BB16+$BH$9,BB16+$BF$9)) | BG16: =IF(OR($BF$9=0,$BH$9=0,BC16=""),"",IF(BC16>=$G$2,BC16+$BH$9,BC16+$BF$9)) | BH16: =IF(OR($BF$9=0,$BH$9=0,BD16=""),"",IF(BD16>=$G$2,BD16+$BH$9,BD16+$BF$9)) | BI16: =IF(OR($BF$9=0,$BH$9=0,BE16=""),"",IF(BE16>=$G$2,BE16+$BH$9,BE16+$BF$9)) | BJ16: =IF(OR($BJ$9=0,$BL$9=0,BF16=""),"",IF(BF16>=$G$2,BF16+$BL$9,BF16+$BJ$9)) | BK16: =IF(OR($BJ$9=0,$BL$9=0,BG16=""),"",IF(BG16>=$G$2,BG16+$BL$9,BG16+$BJ$9)) | BL16: =IF(OR($BJ$9=0,$BL$9=0,BH16=""),"",IF(BH16>=$G$2,BH16+$BL$9,BH16+$BJ$9)) | BM16: =IF(OR($BJ$9=0,$BL$9=0,BI16=""),"",IF(BI16>=$G$2,BI16+$BL$9,BI16+$BJ$9)) | BN16: =IF(OR($BN$9=0,$BP$9=0,BJ16=""),"",IF(BJ16>=$G$2,BJ16+$BP$9,BJ16+$BN$9)) | BO16: =IF(OR($BN$9=0,$BP$9=0,BK16=""),"",IF(BK16>=$G$2,BK16+$BP$9,BK16+$BN$9)) | BP16: =IF(OR($BN$9=0,$BP$9=0,BL16=""),"",IF(BL16>=$G$2,BL16+$BP$9,BL16+$BN$9)) | BQ16: =IF(OR($BN$9=0,$BP$9=0,BM16=""),"",IF(BM16>=$G$2,BM16+$BP$9,BM16+$BN$9)) | BR16: =IF(OR($BR$9=0,$BT$9=0,BN16=""),"",IF(BN16>=$G$2,BN16+$BT$9,BN16+$BR$9)) | BS16: =IF(OR($BR$9=0,$BT$9=0,BO16=""),"",IF(BO16>=$G$2,BO16+$BT$9,BO16+$BR$9)) | BT16: =IF(OR($BR$9=0,$BT$9=0,BP16=""),"",IF(BP16>=$G$2,BP16+$BT$9,BP16+$BR$9)) | BU16: =IF(OR($BR$9=0,$BT$9=0,BQ16=""),"",IF(BQ16>=$G$2,BQ16+$BT$9,BQ16+$BR$9)) | BV16: =IF(OR($BV$9=0,$BX$9=0,BR16=""),"",IF(BR16>=$G$2,BR16+$BX$9,BR16+$BV$9)) | BW16: =IF(OR($BV$9=0,$BX$9=0,BS16=""),"",IF(BS16>=$G$2,BS16+$BX$9,BS16+$BV$9)) | BX16: =IF(OR($BV$9=0,$BX$9=0,BT16=""),"",IF(BT16>=$G$2,BT16+$BX$9,BT16+$BV$9)) | BY16: =IF(OR($BV$9=0,$BX$9=0,BU16=""),"",IF(BU16>=$G$2,BU16+$BX$9,BU16+$BV$9)) | BZ16: =IF(OR($BZ$9=0,$CB$9=0,BV16=""),"",IF(BV16>=$G$2,BV16+$CB$9,BV16+$BZ$9)) | CA16: =IF(OR($BZ$9=0,$CB$9=0,BW16=""),"",IF(BW16>=$G$2,BW16+$CB$9,BW16+$BZ$9)) | CB16: =IF(OR($BZ$9=0,$CB$9=0,BX16=""),"",IF(BX16>=$G$2,BX16+$CB$9,BX16+$BZ$9)) | CC16: =IF(OR($BZ$9=0,$CB$9=0,BY16=""),"",IF(BY16>=$G$2,BY16+$CB$9,BY16+$BZ$9)) | CD16: =IF(OR($CD$9=0,$CF$9=0,BZ16=""),"",IF(BZ16>=$G$2,BZ16+$CF$9,BZ16+$CD$9)) | CE16: =IF(OR($CD$9=0,$CF$9=0,CA16=""),"",IF(CA16>=$G$2,CA16+$CF$9,CA16+$CD$9)) | CF16: =IF(OR($CD$9=0,$CF$9=0,CB16=""),"",IF(CB16>=$G$2,CB16+$CF$9,CB16+$CD$9)) | CG16: =IF(OR($CD$9=0,$CF$9=0,CC16=""),"",IF(CC16>=$G$2,CC16+$CF$9,CC16+$CD$9)) | CH16: =IF(OR($CH$9=0,$CJ$9=0,CD16=""),"",IF(CD16>=$G$2,CD16+$CJ$9,CD16+$CH$9)) | CI16: =IF(OR($CH$9=0,$CJ$9=0,CE16=""),"",IF(CE16>=$G$2,CE16+$CJ$9,CE16+$CH$9)) | CJ16: =IF(OR($CH$9=0,$CJ$9=0,CF16=""),"",IF(CF16>=$G$2,CF16+$CJ$9,CF16+$CH$9)) | CK16: =IF(OR($CH$9=0,$CJ$9=0,CG16=""),"",IF(CG16>=$G$2,CG16+$CJ$9,CG16+$CH$9)) | CL16: =IF(OR($CL$9=0,$CN$9=0,CH16=""),"",IF(CH16>=$G$2,CH16+$CN$9,CH16+$CL$9)) | CM16: =IF(OR($CL$9=0,$CN$9=0,CI16=""),"",IF(CI16>=$G$2,CI16+$CN$9,CI16+$CL$9)) | CN16: =IF(OR($CL$9=0,$CN$9=0,CJ16=""),"",IF(CJ16>=$G$2,CJ16+$CN$9,CJ16+$CL$9)) | CO16: =IF(OR($CL$9=0,$CN$9=0,CK16=""),"",IF(CK16>=$G$2,CK16+$CN$9,CK16+$CL$9)) | CP16: =IF(OR($CP$9=0,$CR$9=0,CL16=""),"",IF(CL16>=$G$2,CL16+$CR$9,CL16+$CP$9)) | CQ16: =IF(OR($CP$9=0,$CR$9=0,CM16=""),"",IF(CM16>=$G$2,CM16+$CR$9,CM16+$CP$9)) | CR16: =IF(OR($CP$9=0,$CR$9=0,CN16=""),"",IF(CN16>=$G$2,CN16+$CR$9,CN16+$CP$9)) | CS16: =IF(OR($CP$9=0,$CR$9=0,CO16=""),"",IF(CO16>=$G$2,CO16+$CR$9,CO16+$CP$9)) | CT16: =IF(OR($CT$9=0,$CV$9=0,CP16=""),"",IF(CP16>=$G$2,CP16+$CV$9,CP16+$CT$9)) | CU16: =IF(OR($CT$9=0,$CV$9=0,CQ16=""),"",IF(CQ16>=$G$2,CQ16+$CV$9,CQ16+$CT$9)) | CV16: =IF(OR($CT$9=0,$CV$9=0,CR16=""),"",IF(CR16>=$G$2,CR16+$CV$9,CR16+$CT$9)) | CW16: =IF(OR($CT$9=0,$CV$9=0,CS16=""),"",IF(CS16>=$G$2,CS16+$CV$9,CS16+$CT$9)) | CX16: 2057 | CY16: 2058 | CZ16: 45 | DA16: 46 | DB16: 2107 | DC16: 2108 | DD16: 115 | DE16: 116 | DF16: 2157 | DG16: 2158 | DH16: 185 | DI16: 186 | DJ16: 2207 | DK16: 2208 | DL16: 255 | DM16: 256 | DN16: 2257 | DO16: 2258 | DP16: 325 | DQ16: 326 | DR16: 2307 | DS16: 2308 | DT16: 395 | DU16: 396 | DV16: 2357 | DW16: 2358 | DX16: 465 | DY16: 466 | DZ16: 3081 | EA16: 3082 | EB16: 1069 | EC16: 1070 | ED16: 3131 | EE16: 3132 | EF16: 1139 | EG16: 1140 | EH16: 3181 | EI16: 3182 | EJ16: 1209 | EK16: 1210 | EL16: 3231 | EM16: 3232 | EN16: 1279 | EO16: 1280 | EP16: 3281 | EQ16: 3282 | ER16: 1349 | ES16: 1350 | ET16: 3331 | EU16: 3332 | EV16: 1419 | EW16: 1420 | EX16: 3381 | EY16: 3382 | EZ16: 1489 | FA16: 1490
A17: =IF(B17="","",A16+1) -> 5 | B17: 2059 | C17: 2060 | D17: 27 | E17: 28 | F17: =IF(OR($F$9=0,$H$9=0,B17=""),"",IF(B17>=$G$2,B17+$H$9,B17+$F$9)) -> 2109 | G17: =IF(OR($F$9=0,$H$9=0,C17=""),"",IF(C17>=$G$2,C17+$H$9,C17+$F$9)) -> 2110 | H17: =IF(OR($F$9=0,$H$9=0,D17=""),"",IF(D17>=$G$2,D17+$H$9,D17+$F$9)) -> 97 | I17: =IF(OR($F$9=0,$H$9=0,E17=""),"",IF(E17>=$G$2,E17+$H$9,E17+$F$9)) -> 98 | J17: =IF(OR($J$9=0,$L$9=0,F17=""),"",IF(F17>=$G$2,F17+$L$9,F17+$J$9)) -> 2159 | K17: =IF(OR($J$9=0,$L$9=0,G17=""),"",IF(G17>=$G$2,G17+$L$9,G17+$J$9)) -> 2160 | L17: =IF(OR($J$9=0,$L$9=0,H17=""),"",IF(H17>=$G$2,H17+$L$9,H17+$J$9)) -> 167 | M17: =IF(OR($J$9=0,$L$9=0,I17=""),"",IF(I17>=$G$2,I17+$L$9,I17+$J$9)) -> 168 | N17: =IF(OR($N$9=0,$P$9=0,J17=""),"",IF(J17>=$G$2,J17+$P$9,J17+$N$9)) -> 2209 | O17: =IF(OR($N$9=0,$P$9=0,K17=""),"",IF(K17>=$G$2,K17+$P$9,K17+$N$9)) -> 2210 | P17: =IF(OR($N$9=0,$P$9=0,L17=""),"",IF(L17>=$G$2,L17+$P$9,L17+$N$9)) -> 237 | Q17: =IF(OR($N$9=0,$P$9=0,M17=""),"",IF(M17>=$G$2,M17+$P$9,M17+$N$9)) -> 238 | R17: =IF(OR($R$9=0,$T$9=0,N17=""),"",IF(N17>=$G$2,N17+$T$9,N17+$R$9)) -> 2259 | S17: =IF(OR($R$9=0,$T$9=0,O17=""),"",IF(O17>=$G$2,O17+$T$9,O17+$R$9)) -> 2260 | T17: =IF(OR($R$9=0,$T$9=0,P17=""),"",IF(P17>=$G$2,P17+$T$9,P17+$R$9)) -> 307 | U17: =IF(OR($R$9=0,$T$9=0,Q17=""),"",IF(Q17>=$G$2,Q17+$T$9,Q17+$R$9)) -> 308 | V17: =IF(OR($V$9=0,$X$9=0,R17=""),"",IF(R17>=$G$2,R17+$X$9,R17+$V$9)) -> 2309 | W17: =IF(OR($V$9=0,$X$9=0,S17=""),"",IF(S17>=$G$2,S17+$X$9,S17+$V$9)) -> 2310 | X17: =IF(OR($V$9=0,$X$9=0,T17=""),"",IF(T17>=$G$2,T17+$X$9,T17+$V$9)) -> 377 | Y17: =IF(OR($V$9=0,$X$9=0,U17=""),"",IF(U17>=$G$2,U17+$X$9,U17+$V$9)) -> 378 | Z17: =IF(OR($Z$9=0,$AB$9=0,V17=""),"",IF(V17>=$G$2,V17+$AB$9,V17+$Z$9)) -> 2359 | AA17: =IF(OR($Z$9=0,$AB$9=0,W17=""),"",IF(W17>=$G$2,W17+$AB$9,W17+$Z$9)) -> 2360 | AB17: =IF(OR($Z$9=0,$AB$9=0,X17=""),"",IF(X17>=$G$2,X17+$AB$9,X17+$Z$9)) -> 447 | AC17: =IF(OR($Z$9=0,$AB$9=0,Y17=""),"",IF(Y17>=$G$2,Y17+$AB$9,Y17+$Z$9)) -> 448 | AD17: =IF(OR($AD$9=0,$AF$9=0,Z17=""),"",IF(Z17>=$G$2,Z17+$AF$9,Z17+$AD$9)) -> 3083 | AE17: =IF(OR($AD$9=0,$AF$9=0,AA17=""),"",IF(AA17>=$G$2,AA17+$AF$9,AA17+$AD$9)) -> 3084 | AF17: =IF(OR($AD$9=0,$AF$9=0,AB17=""),"",IF(AB17>=$G$2,AB17+$AF$9,AB17+$AD$9)) -> 1051 | AG17: =IF(OR($AD$9=0,$AF$9=0,AC17=""),"",IF(AC17>=$G$2,AC17+$AF$9,AC17+$AD$9)) -> 1052 | AH17: =IF(OR($AH$9=0,$AJ$9=0,AD17=""),"",IF(AD17>=$G$2,AD17+$AJ$9,AD17+$AH$9)) -> 3133 | AI17: =IF(OR($AH$9=0,$AJ$9=0,AE17=""),"",IF(AE17>=$G$2,AE17+$AJ$9,AE17+$AH$9)) -> 3134 | AJ17: =IF(OR($AH$9=0,$AJ$9=0,AF17=""),"",IF(AF17>=$G$2,AF17+$AJ$9,AF17+$AH$9)) -> 1121 | AK17: =IF(OR($AH$9=0,$AJ$9=0,AG17=""),"",IF(AG17>=$G$2,AG17+$AJ$9,AG17+$AH$9)) -> 1122 | AL17: =IF(OR($AL$9=0,$AN$9=0,AH17=""),"",IF(AH17>=$G$2,AH17+$AN$9,AH17+$AL$9)) -> 3183 | AM17: =IF(OR($AL$9=0,$AN$9=0,AI17=""),"",IF(AI17>=$G$2,AI17+$AN$9,AI17+$AL$9)) -> 3184 | AN17: =IF(OR($AL$9=0,$AN$9=0,AJ17=""),"",IF(AJ17>=$G$2,AJ17+$AN$9,AJ17+$AL$9)) -> 1191 | AO17: =IF(OR($AL$9=0,$AN$9=0,AK17=""),"",IF(AK17>=$G$2,AK17+$AN$9,AK17+$AL$9)) -> 1192 | AP17: =IF(OR($AP$9=0,$AR$9=0,AL17=""),"",IF(AL17>=$G$2,AL17+$AR$9,AL17+$AP$9)) -> 3233 | AQ17: =IF(OR($AP$9=0,$AR$9=0,AM17=""),"",IF(AM17>=$G$2,AM17+$AR$9,AM17+$AP$9)) -> 3234 | AR17: =IF(OR($AP$9=0,$AR$9=0,AN17=""),"",IF(AN17>=$G$2,AN17+$AR$9,AN17+$AP$9)) -> 1261 | AS17: =IF(OR($AP$9=0,$AR$9=0,AO17=""),"",IF(AO17>=$G$2,AO17+$AR$9,AO17+$AP$9)) -> 1262 | AT17: =IF(OR($AT$9=0,$AV$9=0,AP17=""),"",IF(AP17>=$G$2,AP17+$AV$9,AP17+$AT$9)) -> 3283 | AU17: =IF(OR($AT$9=0,$AV$9=0,AQ17=""),"",IF(AQ17>=$G$2,AQ17+$AV$9,AQ17+$AT$9)) -> 3284 | AV17: =IF(OR($AT$9=0,$AV$9=0,AR17=""),"",IF(AR17>=$G$2,AR17+$AV$9,AR17+$AT$9)) -> 1331 | AW17: =IF(OR($AT$9=0,$AV$9=0,AS17=""),"",IF(AS17>=$G$2,AS17+$AV$9,AS17+$AT$9)) -> 1332 | AX17: =IF(OR($AX$9=0,$AZ$9=0,AT17=""),"",IF(AT17>=$G$2,AT17+$AZ$9,AT17+$AX$9)) -> 3333 | AY17: =IF(OR($AX$9=0,$AZ$9=0,AU17=""),"",IF(AU17>=$G$2,AU17+$AZ$9,AU17+$AX$9)) -> 3334 | AZ17: =IF(OR($AX$9=0,$AZ$9=0,AV17=""),"",IF(AV17>=$G$2,AV17+$AZ$9,AV17+$AX$9)) -> 1401 | BA17: =IF(OR($AX$9=0,$AZ$9=0,AW17=""),"",IF(AW17>=$G$2,AW17+$AZ$9,AW17+$AX$9)) -> 1402 | BB17: =IF(OR($BB$9=0,$BD$9=0,AX17=""),"",IF(AX17>=$G$2,AX17+$BD$9,AX17+$BB$9)) -> 3383 | BC17: =IF(OR($BB$9=0,$BD$9=0,AY17=""),"",IF(AY17>=$G$2,AY17+$BD$9,AY17+$BB$9)) -> 3384 | BD17: =IF(OR($BB$9=0,$BD$9=0,AZ17=""),"",IF(AZ17>=$G$2,AZ17+$BD$9,AZ17+$BB$9)) -> 1471 | BE17: =IF(OR($BB$9=0,$BD$9=0,BA17=""),"",IF(BA17>=$G$2,BA17+$BD$9,BA17+$BB$9)) -> 1472 | BF17: =IF(OR($BF$9=0,$BH$9=0,BB17=""),"",IF(BB17>=$G$2,BB17+$BH$9,BB17+$BF$9)) | BG17: =IF(OR($BF$9=0,$BH$9=0,BC17=""),"",IF(BC17>=$G$2,BC17+$BH$9,BC17+$BF$9)) | BH17: =IF(OR($BF$9=0,$BH$9=0,BD17=""),"",IF(BD17>=$G$2,BD17+$BH$9,BD17+$BF$9)) | BI17: =IF(OR($BF$9=0,$BH$9=0,BE17=""),"",IF(BE17>=$G$2,BE17+$BH$9,BE17+$BF$9)) | BJ17: =IF(OR($BJ$9=0,$BL$9=0,BF17=""),"",IF(BF17>=$G$2,BF17+$BL$9,BF17+$BJ$9)) | BK17: =IF(OR($BJ$9=0,$BL$9=0,BG17=""),"",IF(BG17>=$G$2,BG17+$BL$9,BG17+$BJ$9)) | BL17: =IF(OR($BJ$9=0,$BL$9=0,BH17=""),"",IF(BH17>=$G$2,BH17+$BL$9,BH17+$BJ$9)) | BM17: =IF(OR($BJ$9=0,$BL$9=0,BI17=""),"",IF(BI17>=$G$2,BI17+$BL$9,BI17+$BJ$9)) | BN17: =IF(OR($BN$9=0,$BP$9=0,BJ17=""),"",IF(BJ17>=$G$2,BJ17+$BP$9,BJ17+$BN$9)) | BO17: =IF(OR($BN$9=0,$BP$9=0,BK17=""),"",IF(BK17>=$G$2,BK17+$BP$9,BK17+$BN$9)) | BP17: =IF(OR($BN$9=0,$BP$9=0,BL17=""),"",IF(BL17>=$G$2,BL17+$BP$9,BL17+$BN$9)) | BQ17: =IF(OR($BN$9=0,$BP$9=0,BM17=""),"",IF(BM17>=$G$2,BM17+$BP$9,BM17+$BN$9)) | BR17: =IF(OR($BR$9=0,$BT$9=0,BN17=""),"",IF(BN17>=$G$2,BN17+$BT$9,BN17+$BR$9)) | BS17: =IF(OR($BR$9=0,$BT$9=0,BO17=""),"",IF(BO17>=$G$2,BO17+$BT$9,BO17+$BR$9)) | BT17: =IF(OR($BR$9=0,$BT$9=0,BP17=""),"",IF(BP17>=$G$2,BP17+$BT$9,BP17+$BR$9)) | BU17: =IF(OR($BR$9=0,$BT$9=0,BQ17=""),"",IF(BQ17>=$G$2,BQ17+$BT$9,BQ17+$BR$9)) | BV17: =IF(OR($BV$9=0,$BX$9=0,BR17=""),"",IF(BR17>=$G$2,BR17+$BX$9,BR17+$BV$9)) | BW17: =IF(OR($BV$9=0,$BX$9=0,BS17=""),"",IF(BS17>=$G$2,BS17+$BX$9,BS17+$BV$9)) | BX17: =IF(OR($BV$9=0,$BX$9=0,BT17=""),"",IF(BT17>=$G$2,BT17+$BX$9,BT17+$BV$9)) | BY17: =IF(OR($BV$9=0,$BX$9=0,BU17=""),"",IF(BU17>=$G$2,BU17+$BX$9,BU17+$BV$9)) | BZ17: =IF(OR($BZ$9=0,$CB$9=0,BV17=""),"",IF(BV17>=$G$2,BV17+$CB$9,BV17+$BZ$9)) | CA17: =IF(OR($BZ$9=0,$CB$9=0,BW17=""),"",IF(BW17>=$G$2,BW17+$CB$9,BW17+$BZ$9)) | CB17: =IF(OR($BZ$9=0,$CB$9=0,BX17=""),"",IF(BX17>=$G$2,BX17+$CB$9,BX17+$BZ$9)) | CC17: =IF(OR($BZ$9=0,$CB$9=0,BY17=""),"",IF(BY17>=$G$2,BY17+$CB$9,BY17+$BZ$9)) | CD17: =IF(OR($CD$9=0,$CF$9=0,BZ17=""),"",IF(BZ17>=$G$2,BZ17+$CF$9,BZ17+$CD$9)) | CE17: =IF(OR($CD$9=0,$CF$9=0,CA17=""),"",IF(CA17>=$G$2,CA17+$CF$9,CA17+$CD$9)) | CF17: =IF(OR($CD$9=0,$CF$9=0,CB17=""),"",IF(CB17>=$G$2,CB17+$CF$9,CB17+$CD$9)) | CG17: =IF(OR($CD$9=0,$CF$9=0,CC17=""),"",IF(CC17>=$G$2,CC17+$CF$9,CC17+$CD$9)) | CH17: =IF(OR($CH$9=0,$CJ$9=0,CD17=""),"",IF(CD17>=$G$2,CD17+$CJ$9,CD17+$CH$9)) | CI17: =IF(OR($CH$9=0,$CJ$9=0,CE17=""),"",IF(CE17>=$G$2,CE17+$CJ$9,CE17+$CH$9)) | CJ17: =IF(OR($CH$9=0,$CJ$9=0,CF17=""),"",IF(CF17>=$G$2,CF17+$CJ$9,CF17+$CH$9)) | CK17: =IF(OR($CH$9=0,$CJ$9=0,CG17=""),"",IF(CG17>=$G$2,CG17+$CJ$9,CG17+$CH$9)) | CL17: =IF(OR($CL$9=0,$CN$9=0,CH17=""),"",IF(CH17>=$G$2,CH17+$CN$9,CH17+$CL$9)) | CM17: =IF(OR($CL$9=0,$CN$9=0,CI17=""),"",IF(CI17>=$G$2,CI17+$CN$9,CI17+$CL$9)) | CN17: =IF(OR($CL$9=0,$CN$9=0,CJ17=""),"",IF(CJ17>=$G$2,CJ17+$CN$9,CJ17+$CL$9)) | CO17: =IF(OR($CL$9=0,$CN$9=0,CK17=""),"",IF(CK17>=$G$2,CK17+$CN$9,CK17+$CL$9)) | CP17: =IF(OR($CP$9=0,$CR$9=0,CL17=""),"",IF(CL17>=$G$2,CL17+$CR$9,CL17+$CP$9)) | CQ17: =IF(OR($CP$9=0,$CR$9=0,CM17=""),"",IF(CM17>=$G$2,CM17+$CR$9,CM17+$CP$9)) | CR17: =IF(OR($CP$9=0,$CR$9=0,CN17=""),"",IF(CN17>=$G$2,CN17+$CR$9,CN17+$CP$9)) | CS17: =IF(OR($CP$9=0,$CR$9=0,CO17=""),"",IF(CO17>=$G$2,CO17+$CR$9,CO17+$CP$9)) | CT17: =IF(OR($CT$9=0,$CV$9=0,CP17=""),"",IF(CP17>=$G$2,CP17+$CV$9,CP17+$CT$9)) | CU17: =IF(OR($CT$9=0,$CV$9=0,CQ17=""),"",IF(CQ17>=$G$2,CQ17+$CV$9,CQ17+$CT$9)) | CV17: =IF(OR($CT$9=0,$CV$9=0,CR17=""),"",IF(CR17>=$G$2,CR17+$CV$9,CR17+$CT$9)) | CW17: =IF(OR($CT$9=0,$CV$9=0,CS17=""),"",IF(CS17>=$G$2,CS17+$CV$9,CS17+$CT$9)) | CX17: 2059 | CY17: 2060 | CZ17: 27 | DA17: 28 | DB17: 2109 | DC17: 2110 | DD17: 97 | DE17: 98 | DF17: 2159 | DG17: 2160 | DH17: 167 | DI17: 168 | DJ17: 2209 | DK17: 2210 | DL17: 237 | DM17: 238 | DN17: 2259 | DO17: 2260 | DP17: 307 | DQ17: 308 | DR17: 2309 | DS17: 2310 | DT17: 377 | DU17: 378 | DV17: 2359 | DW17: 2360 | DX17: 447 | DY17: 448 | DZ17: 3083 | EA17: 3084 | EB17: 1051 | EC17: 1052 | ED17: 3133 | EE17: 3134 | EF17: 1121 | EG17: 1122 | EH17: 3183 | EI17: 3184 | EJ17: 1191 | EK17: 1192 | EL17: 3233 | EM17: 3234 | EN17: 1261 | EO17: 1262 | EP17: 3283 | EQ17: 3284 | ER17: 1331 | ES17: 1332 | ET17: 3333 | EU17: 3334 | EV17: 1401 | EW17: 1402 | EX17: 3383 | EY17: 3384 | EZ17: 1471 | FA17: 1472
A18: =IF(B18="","",A17+1) -> 6 | B18: 2061 | C18: 2062 | D18: 39 | E18: 40 | F18: =IF(OR($F$9=0,$H$9=0,B18=""),"",IF(B18>=$G$2,B18+$H$9,B18+$F$9)) -> 2111 | G18: =IF(OR($F$9=0,$H$9=0,C18=""),"",IF(C18>=$G$2,C18+$H$9,C18+$F$9)) -> 2112 | H18: =IF(OR($F$9=0,$H$9=0,D18=""),"",IF(D18>=$G$2,D18+$H$9,D18+$F$9)) -> 109 | I18: =IF(OR($F$9=0,$H$9=0,E18=""),"",IF(E18>=$G$2,E18+$H$9,E18+$F$9)) -> 110 | J18: =IF(OR($J$9=0,$L$9=0,F18=""),"",IF(F18>=$G$2,F18+$L$9,F18+$J$9)) -> 2161 | K18: =IF(OR($J$9=0,$L$9=0,G18=""),"",IF(G18>=$G$2,G18+$L$9,G18+$J$9)) -> 2162 | L18: =IF(OR($J$9=0,$L$9=0,H18=""),"",IF(H18>=$G$2,H18+$L$9,H18+$J$9)) -> 179 | M18: =IF(OR($J$9=0,$L$9=0,I18=""),"",IF(I18>=$G$2,I18+$L$9,I18+$J$9)) -> 180 | N18: =IF(OR($N$9=0,$P$9=0,J18=""),"",IF(J18>=$G$2,J18+$P$9,J18+$N$9)) -> 2211 | O18: =IF(OR($N$9=0,$P$9=0,K18=""),"",IF(K18>=$G$2,K18+$P$9,K18+$N$9)) -> 2212 | P18: =IF(OR($N$9=0,$P$9=0,L18=""),"",IF(L18>=$G$2,L18+$P$9,L18+$N$9)) -> 249 | Q18: =IF(OR($N$9=0,$P$9=0,M18=""),"",IF(M18>=$G$2,M18+$P$9,M18+$N$9)) -> 250 | R18: =IF(OR($R$9=0,$T$9=0,N18=""),"",IF(N18>=$G$2,N18+$T$9,N18+$R$9)) -> 2261 | S18: =IF(OR($R$9=0,$T$9=0,O18=""),"",IF(O18>=$G$2,O18+$T$9,O18+$R$9)) -> 2262 | T18: =IF(OR($R$9=0,$T$9=0,P18=""),"",IF(P18>=$G$2,P18+$T$9,P18+$R$9)) -> 319 | U18: =IF(OR($R$9=0,$T$9=0,Q18=""),"",IF(Q18>=$G$2,Q18+$T$9,Q18+$R$9)) -> 320 | V18: =IF(OR($V$9=0,$X$9=0,R18=""),"",IF(R18>=$G$2,R18+$X$9,R18+$V$9)) -> 2311 | W18: =IF(OR($V$9=0,$X$9=0,S18=""),"",IF(S18>=$G$2,S18+$X$9,S18+$V$9)) -> 2312 | X18: =IF(OR($V$9=0,$X$9=0,T18=""),"",IF(T18>=$G$2,T18+$X$9,T18+$V$9)) -> 389 | Y18: =IF(OR($V$9=0,$X$9=0,U18=""),"",IF(U18>=$G$2,U18+$X$9,U18+$V$9)) -> 390 | Z18: =IF(OR($Z$9=0,$AB$9=0,V18=""),"",IF(V18>=$G$2,V18+$AB$9,V18+$Z$9)) -> 2361 | AA18: =IF(OR($Z$9=0,$AB$9=0,W18=""),"",IF(W18>=$G$2,W18+$AB$9,W18+$Z$9)) -> 2362 | AB18: =IF(OR($Z$9=0,$AB$9=0,X18=""),"",IF(X18>=$G$2,X18+$AB$9,X18+$Z$9)) -> 459 | AC18: =IF(OR($Z$9=0,$AB$9=0,Y18=""),"",IF(Y18>=$G$2,Y18+$AB$9,Y18+$Z$9)) -> 460 | AD18: =IF(OR($AD$9=0,$AF$9=0,Z18=""),"",IF(Z18>=$G$2,Z18+$AF$9,Z18+$AD$9)) -> 3085 | AE18: =IF(OR($AD$9=0,$AF$9=0,AA18=""),"",IF(AA18>=$G$2,AA18+$AF$9,AA18+$AD$9)) -> 3086 | AF18: =IF(OR($AD$9=0,$AF$9=0,AB18=""),"",IF(AB18>=$G$2,AB18+$AF$9,AB18+$AD$9)) -> 1063 | AG18: =IF(OR($AD$9=0,$AF$9=0,AC18=""),"",IF(AC18>=$G$2,AC18+$AF$9,AC18+$AD$9)) -> 1064 | AH18: =IF(OR($AH$9=0,$AJ$9=0,AD18=""),"",IF(AD18>=$G$2,AD18+$AJ$9,AD18+$AH$9)) -> 3135 | AI18: =IF(OR($AH$9=0,$AJ$9=0,AE18=""),"",IF(AE18>=$G$2,AE18+$AJ$9,AE18+$AH$9)) -> 3136 | AJ18: =IF(OR($AH$9=0,$AJ$9=0,AF18=""),"",IF(AF18>=$G$2,AF18+$AJ$9,AF18+$AH$9)) -> 1133 | AK18: =IF(OR($AH$9=0,$AJ$9=0,AG18=""),"",IF(AG18>=$G$2,AG18+$AJ$9,AG18+$AH$9)) -> 1134 | AL18: =IF(OR($AL$9=0,$AN$9=0,AH18=""),"",IF(AH18>=$G$2,AH18+$AN$9,AH18+$AL$9)) -> 3185 | AM18: =IF(OR($AL$9=0,$AN$9=0,AI18=""),"",IF(AI18>=$G$2,AI18+$AN$9,AI18+$AL$9)) -> 3186 | AN18: =IF(OR($AL$9=0,$AN$9=0,AJ18=""),"",IF(AJ18>=$G$2,AJ18+$AN$9,AJ18+$AL$9)) -> 1203 | AO18: =IF(OR($AL$9=0,$AN$9=0,AK18=""),"",IF(AK18>=$G$2,AK18+$AN$9,AK18+$AL$9)) -> 1204 | AP18: =IF(OR($AP$9=0,$AR$9=0,AL18=""),"",IF(AL18>=$G$2,AL18+$AR$9,AL18+$AP$9)) -> 3235 | AQ18: =IF(OR($AP$9=0,$AR$9=0,AM18=""),"",IF(AM18>=$G$2,AM18+$AR$9,AM18+$AP$9)) -> 3236 | AR18: =IF(OR($AP$9=0,$AR$9=0,AN18=""),"",IF(AN18>=$G$2,AN18+$AR$9,AN18+$AP$9)) -> 1273 | AS18: =IF(OR($AP$9=0,$AR$9=0,AO18=""),"",IF(AO18>=$G$2,AO18+$AR$9,AO18+$AP$9)) -> 1274 | AT18: =IF(OR($AT$9=0,$AV$9=0,AP18=""),"",IF(AP18>=$G$2,AP18+$AV$9,AP18+$AT$9)) -> 3285 | AU18: =IF(OR($AT$9=0,$AV$9=0,AQ18=""),"",IF(AQ18>=$G$2,AQ18+$AV$9,AQ18+$AT$9)) -> 3286 | AV18: =IF(OR($AT$9=0,$AV$9=0,AR18=""),"",IF(AR18>=$G$2,AR18+$AV$9,AR18+$AT$9)) -> 1343 | AW18: =IF(OR($AT$9=0,$AV$9=0,AS18=""),"",IF(AS18>=$G$2,AS18+$AV$9,AS18+$AT$9)) -> 1344 | AX18: =IF(OR($AX$9=0,$AZ$9=0,AT18=""),"",IF(AT18>=$G$2,AT18+$AZ$9,AT18+$AX$9)) -> 3335 | AY18: =IF(OR($AX$9=0,$AZ$9=0,AU18=""),"",IF(AU18>=$G$2,AU18+$AZ$9,AU18+$AX$9)) -> 3336 | AZ18: =IF(OR($AX$9=0,$AZ$9=0,AV18=""),"",IF(AV18>=$G$2,AV18+$AZ$9,AV18+$AX$9)) -> 1413 | BA18: =IF(OR($AX$9=0,$AZ$9=0,AW18=""),"",IF(AW18>=$G$2,AW18+$AZ$9,AW18+$AX$9)) -> 1414 | BB18: =IF(OR($BB$9=0,$BD$9=0,AX18=""),"",IF(AX18>=$G$2,AX18+$BD$9,AX18+$BB$9)) -> 3385 | BC18: =IF(OR($BB$9=0,$BD$9=0,AY18=""),"",IF(AY18>=$G$2,AY18+$BD$9,AY18+$BB$9)) -> 3386 | BD18: =IF(OR($BB$9=0,$BD$9=0,AZ18=""),"",IF(AZ18>=$G$2,AZ18+$BD$9,AZ18+$BB$9)) -> 1483 | BE18: =IF(OR($BB$9=0,$BD$9=0,BA18=""),"",IF(BA18>=$G$2,BA18+$BD$9,BA18+$BB$9)) -> 1484 | BF18: =IF(OR($BF$9=0,$BH$9=0,BB18=""),"",IF(BB18>=$G$2,BB18+$BH$9,BB18+$BF$9)) | BG18: =IF(OR($BF$9=0,$BH$9=0,BC18=""),"",IF(BC18>=$G$2,BC18+$BH$9,BC18+$BF$9)) | BH18: =IF(OR($BF$9=0,$BH$9=0,BD18=""),"",IF(BD18>=$G$2,BD18+$BH$9,BD18+$BF$9)) | BI18: =IF(OR($BF$9=0,$BH$9=0,BE18=""),"",IF(BE18>=$G$2,BE18+$BH$9,BE18+$BF$9)) | BJ18: =IF(OR($BJ$9=0,$BL$9=0,BF18=""),"",IF(BF18>=$G$2,BF18+$BL$9,BF18+$BJ$9)) | BK18: =IF(OR($BJ$9=0,$BL$9=0,BG18=""),"",IF(BG18>=$G$2,BG18+$BL$9,BG18+$BJ$9)) | BL18: =IF(OR($BJ$9=0,$BL$9=0,BH18=""),"",IF(BH18>=$G$2,BH18+$BL$9,BH18+$BJ$9)) | BM18: =IF(OR($BJ$9=0,$BL$9=0,BI18=""),"",IF(BI18>=$G$2,BI18+$BL$9,BI18+$BJ$9)) | BN18: =IF(OR($BN$9=0,$BP$9=0,BJ18=""),"",IF(BJ18>=$G$2,BJ18+$BP$9,BJ18+$BN$9)) | BO18: =IF(OR($BN$9=0,$BP$9=0,BK18=""),"",IF(BK18>=$G$2,BK18+$BP$9,BK18+$BN$9)) | BP18: =IF(OR($BN$9=0,$BP$9=0,BL18=""),"",IF(BL18>=$G$2,BL18+$BP$9,BL18+$BN$9)) | BQ18: =IF(OR($BN$9=0,$BP$9=0,BM18=""),"",IF(BM18>=$G$2,BM18+$BP$9,BM18+$BN$9)) | BR18: =IF(OR($BR$9=0,$BT$9=0,BN18=""),"",IF(BN18>=$G$2,BN18+$BT$9,BN18+$BR$9)) | BS18: =IF(OR($BR$9=0,$BT$9=0,BO18=""),"",IF(BO18>=$G$2,BO18+$BT$9,BO18+$BR$9)) | BT18: =IF(OR($BR$9=0,$BT$9=0,BP18=""),"",IF(BP18>=$G$2,BP18+$BT$9,BP18+$BR$9)) | BU18: =IF(OR($BR$9=0,$BT$9=0,BQ18=""),"",IF(BQ18>=$G$2,BQ18+$BT$9,BQ18+$BR$9)) | BV18: =IF(OR($BV$9=0,$BX$9=0,BR18=""),"",IF(BR18>=$G$2,BR18+$BX$9,BR18+$BV$9)) | BW18: =IF(OR($BV$9=0,$BX$9=0,BS18=""),"",IF(BS18>=$G$2,BS18+$BX$9,BS18+$BV$9)) | BX18: =IF(OR($BV$9=0,$BX$9=0,BT18=""),"",IF(BT18>=$G$2,BT18+$BX$9,BT18+$BV$9)) | BY18: =IF(OR($BV$9=0,$BX$9=0,BU18=""),"",IF(BU18>=$G$2,BU18+$BX$9,BU18+$BV$9)) | BZ18: =IF(OR($BZ$9=0,$CB$9=0,BV18=""),"",IF(BV18>=$G$2,BV18+$CB$9,BV18+$BZ$9)) | CA18: =IF(OR($BZ$9=0,$CB$9=0,BW18=""),"",IF(BW18>=$G$2,BW18+$CB$9,BW18+$BZ$9)) | CB18: =IF(OR($BZ$9=0,$CB$9=0,BX18=""),"",IF(BX18>=$G$2,BX18+$CB$9,BX18+$BZ$9)) | CC18: =IF(OR($BZ$9=0,$CB$9=0,BY18=""),"",IF(BY18>=$G$2,BY18+$CB$9,BY18+$BZ$9)) | CD18: =IF(OR($CD$9=0,$CF$9=0,BZ18=""),"",IF(BZ18>=$G$2,BZ18+$CF$9,BZ18+$CD$9)) | CE18: =IF(OR($CD$9=0,$CF$9=0,CA18=""),"",IF(CA18>=$G$2,CA18+$CF$9,CA18+$CD$9)) | CF18: =IF(OR($CD$9=0,$CF$9=0,CB18=""),"",IF(CB18>=$G$2,CB18+$CF$9,CB18+$CD$9)) | CG18: =IF(OR($CD$9=0,$CF$9=0,CC18=""),"",IF(CC18>=$G$2,CC18+$CF$9,CC18+$CD$9)) | CH18: =IF(OR($CH$9=0,$CJ$9=0,CD18=""),"",IF(CD18>=$G$2,CD18+$CJ$9,CD18+$CH$9)) | CI18: =IF(OR($CH$9=0,$CJ$9=0,CE18=""),"",IF(CE18>=$G$2,CE18+$CJ$9,CE18+$CH$9)) | CJ18: =IF(OR($CH$9=0,$CJ$9=0,CF18=""),"",IF(CF18>=$G$2,CF18+$CJ$9,CF18+$CH$9)) | CK18: =IF(OR($CH$9=0,$CJ$9=0,CG18=""),"",IF(CG18>=$G$2,CG18+$CJ$9,CG18+$CH$9)) | CL18: =IF(OR($CL$9=0,$CN$9=0,CH18=""),"",IF(CH18>=$G$2,CH18+$CN$9,CH18+$CL$9)) | CM18: =IF(OR($CL$9=0,$CN$9=0,CI18=""),"",IF(CI18>=$G$2,CI18+$CN$9,CI18+$CL$9)) | CN18: =IF(OR($CL$9=0,$CN$9=0,CJ18=""),"",IF(CJ18>=$G$2,CJ18+$CN$9,CJ18+$CL$9)) | CO18: =IF(OR($CL$9=0,$CN$9=0,CK18=""),"",IF(CK18>=$G$2,CK18+$CN$9,CK18+$CL$9)) | CP18: =IF(OR($CP$9=0,$CR$9=0,CL18=""),"",IF(CL18>=$G$2,CL18+$CR$9,CL18+$CP$9)) | CQ18: =IF(OR($CP$9=0,$CR$9=0,CM18=""),"",IF(CM18>=$G$2,CM18+$CR$9,CM18+$CP$9)) | CR18: =IF(OR($CP$9=0,$CR$9=0,CN18=""),"",IF(CN18>=$G$2,CN18+$CR$9,CN18+$CP$9)) | CS18: =IF(OR($CP$9=0,$CR$9=0,CO18=""),"",IF(CO18>=$G$2,CO18+$CR$9,CO18+$CP$9)) | CT18: =IF(OR($CT$9=0,$CV$9=0,CP18=""),"",IF(CP18>=$G$2,CP18+$CV$9,CP18+$CT$9)) | CU18: =IF(OR($CT$9=0,$CV$9=0,CQ18=""),"",IF(CQ18>=$G$2,CQ18+$CV$9,CQ18+$CT$9)) | CV18: =IF(OR($CT$9=0,$CV$9=0,CR18=""),"",IF(CR18>=$G$2,CR18+$CV$9,CR18+$CT$9)) | CW18: =IF(OR($CT$9=0,$CV$9=0,CS18=""),"",IF(CS18>=$G$2,CS18+$CV$9,CS18+$CT$9)) | CX18: 2061 | CY18: 2062 | CZ18: 39 | DA18: 40 | DB18: 2111 | DC18: 2112 | DD18: 109 | DE18: 110 | DF18: 2161 | DG18: 2162 | DH18: 179 | DI18: 180 | DJ18: 2211 | DK18: 2212 | DL18: 249 | DM18: 250 | DN18: 2261 | DO18: 2262 | DP18: 319 | DQ18: 320 | DR18: 2311 | DS18: 2312 | DT18: 389 | DU18: 390 | DV18: 2361 | DW18: 2362 | DX18: 459 | DY18: 460 | DZ18: 3085 | EA18: 3086 | EB18: 1063 | EC18: 1064 | ED18: 3135 | EE18: 3136 | EF18: 1133 | EG18: 1134 | EH18: 3185 | EI18: 3186 | EJ18: 1203 | EK18: 1204 | EL18: 3235 | EM18: 3236 | EN18: 1273 | EO18: 1274 | EP18: 3285 | EQ18: 3286 | ER18: 1343 | ES18: 1344 | ET18: 3335 | EU18: 3336 | EV18: 1413 | EW18: 1414 | EX18: 3385 | EY18: 3386 | EZ18: 1483 | FA18: 1484
A19: =IF(B19="","",A18+1) -> 7 | B19: 2063 | C19: 2064 | D19: 25 | E19: 26 | F19: =IF(OR($F$9=0,$H$9=0,B19=""),"",IF(B19>=$G$2,B19+$H$9,B19+$F$9)) -> 2113 | G19: =IF(OR($F$9=0,$H$9=0,C19=""),"",IF(C19>=$G$2,C19+$H$9,C19+$F$9)) -> 2114 | H19: =IF(OR($F$9=0,$H$9=0,D19=""),"",IF(D19>=$G$2,D19+$H$9,D19+$F$9)) -> 95 | I19: =IF(OR($F$9=0,$H$9=0,E19=""),"",IF(E19>=$G$2,E19+$H$9,E19+$F$9)) -> 96 | J19: =IF(OR($J$9=0,$L$9=0,F19=""),"",IF(F19>=$G$2,F19+$L$9,F19+$J$9)) -> 2163 | K19: =IF(OR($J$9=0,$L$9=0,G19=""),"",IF(G19>=$G$2,G19+$L$9,G19+$J$9)) -> 2164 | L19: =IF(OR($J$9=0,$L$9=0,H19=""),"",IF(H19>=$G$2,H19+$L$9,H19+$J$9)) -> 165 | M19: =IF(OR($J$9=0,$L$9=0,I19=""),"",IF(I19>=$G$2,I19+$L$9,I19+$J$9)) -> 166 | N19: =IF(OR($N$9=0,$P$9=0,J19=""),"",IF(J19>=$G$2,J19+$P$9,J19+$N$9)) -> 2213 | O19: =IF(OR($N$9=0,$P$9=0,K19=""),"",IF(K19>=$G$2,K19+$P$9,K19+$N$9)) -> 2214 | P19: =IF(OR($N$9=0,$P$9=0,L19=""),"",IF(L19>=$G$2,L19+$P$9,L19+$N$9)) -> 235 | Q19: =IF(OR($N$9=0,$P$9=0,M19=""),"",IF(M19>=$G$2,M19+$P$9,M19+$N$9)) -> 236 | R19: =IF(OR($R$9=0,$T$9=0,N19=""),"",IF(N19>=$G$2,N19+$T$9,N19+$R$9)) -> 2263 | S19: =IF(OR($R$9=0,$T$9=0,O19=""),"",IF(O19>=$G$2,O19+$T$9,O19+$R$9)) -> 2264 | T19: =IF(OR($R$9=0,$T$9=0,P19=""),"",IF(P19>=$G$2,P19+$T$9,P19+$R$9)) -> 305 | U19: =IF(OR($R$9=0,$T$9=0,Q19=""),"",IF(Q19>=$G$2,Q19+$T$9,Q19+$R$9)) -> 306 | V19: =IF(OR($V$9=0,$X$9=0,R19=""),"",IF(R19>=$G$2,R19+$X$9,R19+$V$9)) -> 2313 | W19: =IF(OR($V$9=0,$X$9=0,S19=""),"",IF(S19>=$G$2,S19+$X$9,S19+$V$9)) -> 2314 | X19: =IF(OR($V$9=0,$X$9=0,T19=""),"",IF(T19>=$G$2,T19+$X$9,T19+$V$9)) -> 375 | Y19: =IF(OR($V$9=0,$X$9=0,U19=""),"",IF(U19>=$G$2,U19+$X$9,U19+$V$9)) -> 376 | Z19: =IF(OR($Z$9=0,$AB$9=0,V19=""),"",IF(V19>=$G$2,V19+$AB$9,V19+$Z$9)) -> 2363 | AA19: =IF(OR($Z$9=0,$AB$9=0,W19=""),"",IF(W19>=$G$2,W19+$AB$9,W19+$Z$9)) -> 2364 | AB19: =IF(OR($Z$9=0,$AB$9=0,X19=""),"",IF(X19>=$G$2,X19+$AB$9,X19+$Z$9)) -> 445 | AC19: =IF(OR($Z$9=0,$AB$9=0,Y19=""),"",IF(Y19>=$G$2,Y19+$AB$9,Y19+$Z$9)) -> 446 | AD19: =IF(OR($AD$9=0,$AF$9=0,Z19=""),"",IF(Z19>=$G$2,Z19+$AF$9,Z19+$AD$9)) -> 3087 | AE19: =IF(OR($AD$9=0,$AF$9=0,AA19=""),"",IF(AA19>=$G$2,AA19+$AF$9,AA19+$AD$9)) -> 3088 | AF19: =IF(OR($AD$9=0,$AF$9=0,AB19=""),"",IF(AB19>=$G$2,AB19+$AF$9,AB19+$AD$9)) -> 1049 | AG19: =IF(OR($AD$9=0,$AF$9=0,AC19=""),"",IF(AC19>=$G$2,AC19+$AF$9,AC19+$AD$9)) -> 1050 | AH19: =IF(OR($AH$9=0,$AJ$9=0,AD19=""),"",IF(AD19>=$G$2,AD19+$AJ$9,AD19+$AH$9)) -> 3137 | AI19: =IF(OR($AH$9=0,$AJ$9=0,AE19=""),"",IF(AE19>=$G$2,AE19+$AJ$9,AE19+$AH$9)) -> 3138 | AJ19: =IF(OR($AH$9=0,$AJ$9=0,AF19=""),"",IF(AF19>=$G$2,AF19+$AJ$9,AF19+$AH$9)) -> 1119 | AK19: =IF(OR($AH$9=0,$AJ$9=0,AG19=""),"",IF(AG19>=$G$2,AG19+$AJ$9,AG19+$AH$9)) -> 1120 | AL19: =IF(OR($AL$9=0,$AN$9=0,AH19=""),"",IF(AH19>=$G$2,AH19+$AN$9,AH19+$AL$9)) -> 3187 | AM19: =IF(OR($AL$9=0,$AN$9=0,AI19=""),"",IF(AI19>=$G$2,AI19+$AN$9,AI19+$AL$9)) -> 3188 | AN19: =IF(OR($AL$9=0,$AN$9=0,AJ19=""),"",IF(AJ19>=$G$2,AJ19+$AN$9,AJ19+$AL$9)) -> 1189 | AO19: =IF(OR($AL$9=0,$AN$9=0,AK19=""),"",IF(AK19>=$G$2,AK19+$AN$9,AK19+$AL$9)) -> 1190 | AP19: =IF(OR($AP$9=0,$AR$9=0,AL19=""),"",IF(AL19>=$G$2,AL19+$AR$9,AL19+$AP$9)) -> 3237 | AQ19: =IF(OR($AP$9=0,$AR$9=0,AM19=""),"",IF(AM19>=$G$2,AM19+$AR$9,AM19+$AP$9)) -> 3238 | AR19: =IF(OR($AP$9=0,$AR$9=0,AN19=""),"",IF(AN19>=$G$2,AN19+$AR$9,AN19+$AP$9)) -> 1259 | AS19: =IF(OR($AP$9=0,$AR$9=0,AO19=""),"",IF(AO19>=$G$2,AO19+$AR$9,AO19+$AP$9)) -> 1260 | AT19: =IF(OR($AT$9=0,$AV$9=0,AP19=""),"",IF(AP19>=$G$2,AP19+$AV$9,AP19+$AT$9)) -> 3287 | AU19: =IF(OR($AT$9=0,$AV$9=0,AQ19=""),"",IF(AQ19>=$G$2,AQ19+$AV$9,AQ19+$AT$9)) -> 3288 | AV19: =IF(OR($AT$9=0,$AV$9=0,AR19=""),"",IF(AR19>=$G$2,AR19+$AV$9,AR19+$AT$9)) -> 1329 | AW19: =IF(OR($AT$9=0,$AV$9=0,AS19=""),"",IF(AS19>=$G$2,AS19+$AV$9,AS19+$AT$9)) -> 1330 | AX19: =IF(OR($AX$9=0,$AZ$9=0,AT19=""),"",IF(AT19>=$G$2,AT19+$AZ$9,AT19+$AX$9)) -> 3337 | AY19: =IF(OR($AX$9=0,$AZ$9=0,AU19=""),"",IF(AU19>=$G$2,AU19+$AZ$9,AU19+$AX$9)) -> 3338 | AZ19: =IF(OR($AX$9=0,$AZ$9=0,AV19=""),"",IF(AV19>=$G$2,AV19+$AZ$9,AV19+$AX$9)) -> 1399 | BA19: =IF(OR($AX$9=0,$AZ$9=0,AW19=""),"",IF(AW19>=$G$2,AW19+$AZ$9,AW19+$AX$9)) -> 1400 | BB19: =IF(OR($BB$9=0,$BD$9=0,AX19=""),"",IF(AX19>=$G$2,AX19+$BD$9,AX19+$BB$9)) -> 3387 | BC19: =IF(OR($BB$9=0,$BD$9=0,AY19=""),"",IF(AY19>=$G$2,AY19+$BD$9,AY19+$BB$9)) -> 3388 | BD19: =IF(OR($BB$9=0,$BD$9=0,AZ19=""),"",IF(AZ19>=$G$2,AZ19+$BD$9,AZ19+$BB$9)) -> 1469 | BE19: =IF(OR($BB$9=0,$BD$9=0,BA19=""),"",IF(BA19>=$G$2,BA19+$BD$9,BA19+$BB$9)) -> 1470 | BF19: =IF(OR($BF$9=0,$BH$9=0,BB19=""),"",IF(BB19>=$G$2,BB19+$BH$9,BB19+$BF$9)) | BG19: =IF(OR($BF$9=0,$BH$9=0,BC19=""),"",IF(BC19>=$G$2,BC19+$BH$9,BC19+$BF$9)) | BH19: =IF(OR($BF$9=0,$BH$9=0,BD19=""),"",IF(BD19>=$G$2,BD19+$BH$9,BD19+$BF$9)) | BI19: =IF(OR($BF$9=0,$BH$9=0,BE19=""),"",IF(BE19>=$G$2,BE19+$BH$9,BE19+$BF$9)) | BJ19: =IF(OR($BJ$9=0,$BL$9=0,BF19=""),"",IF(BF19>=$G$2,BF19+$BL$9,BF19+$BJ$9)) | BK19: =IF(OR($BJ$9=0,$BL$9=0,BG19=""),"",IF(BG19>=$G$2,BG19+$BL$9,BG19+$BJ$9)) | BL19: =IF(OR($BJ$9=0,$BL$9=0,BH19=""),"",IF(BH19>=$G$2,BH19+$BL$9,BH19+$BJ$9)) | BM19: =IF(OR($BJ$9=0,$BL$9=0,BI19=""),"",IF(BI19>=$G$2,BI19+$BL$9,BI19+$BJ$9)) | BN19: =IF(OR($BN$9=0,$BP$9=0,BJ19=""),"",IF(BJ19>=$G$2,BJ19+$BP$9,BJ19+$BN$9)) | BO19: =IF(OR($BN$9=0,$BP$9=0,BK19=""),"",IF(BK19>=$G$2,BK19+$BP$9,BK19+$BN$9)) | BP19: =IF(OR($BN$9=0,$BP$9=0,BL19=""),"",IF(BL19>=$G$2,BL19+$BP$9,BL19+$BN$9)) | BQ19: =IF(OR($BN$9=0,$BP$9=0,BM19=""),"",IF(BM19>=$G$2,BM19+$BP$9,BM19+$BN$9)) | BR19: =IF(OR($BR$9=0,$BT$9=0,BN19=""),"",IF(BN19>=$G$2,BN19+$BT$9,BN19+$BR$9)) | BS19: =IF(OR($BR$9=0,$BT$9=0,BO19=""),"",IF(BO19>=$G$2,BO19+$BT$9,BO19+$BR$9)) | BT19: =IF(OR($BR$9=0,$BT$9=0,BP19=""),"",IF(BP19>=$G$2,BP19+$BT$9,BP19+$BR$9)) | BU19: =IF(OR($BR$9=0,$BT$9=0,BQ19=""),"",IF(BQ19>=$G$2,BQ19+$BT$9,BQ19+$BR$9)) | BV19: =IF(OR($BV$9=0,$BX$9=0,BR19=""),"",IF(BR19>=$G$2,BR19+$BX$9,BR19+$BV$9)) | BW19: =IF(OR($BV$9=0,$BX$9=0,BS19=""),"",IF(BS19>=$G$2,BS19+$BX$9,BS19+$BV$9)) | BX19: =IF(OR($BV$9=0,$BX$9=0,BT19=""),"",IF(BT19>=$G$2,BT19+$BX$9,BT19+$BV$9)) | BY19: =IF(OR($BV$9=0,$BX$9=0,BU19=""),"",IF(BU19>=$G$2,BU19+$BX$9,BU19+$BV$9)) | BZ19: =IF(OR($BZ$9=0,$CB$9=0,BV19=""),"",IF(BV19>=$G$2,BV19+$CB$9,BV19+$BZ$9)) | CA19: =IF(OR($BZ$9=0,$CB$9=0,BW19=""),"",IF(BW19>=$G$2,BW19+$CB$9,BW19+$BZ$9)) | CB19: =IF(OR($BZ$9=0,$CB$9=0,BX19=""),"",IF(BX19>=$G$2,BX19+$CB$9,BX19+$BZ$9)) | CC19: =IF(OR($BZ$9=0,$CB$9=0,BY19=""),"",IF(BY19>=$G$2,BY19+$CB$9,BY19+$BZ$9)) | CD19: =IF(OR($CD$9=0,$CF$9=0,BZ19=""),"",IF(BZ19>=$G$2,BZ19+$CF$9,BZ19+$CD$9)) | CE19: =IF(OR($CD$9=0,$CF$9=0,CA19=""),"",IF(CA19>=$G$2,CA19+$CF$9,CA19+$CD$9)) | CF19: =IF(OR($CD$9=0,$CF$9=0,CB19=""),"",IF(CB19>=$G$2,CB19+$CF$9,CB19+$CD$9)) | CG19: =IF(OR($CD$9=0,$CF$9=0,CC19=""),"",IF(CC19>=$G$2,CC19+$CF$9,CC19+$CD$9)) | CH19: =IF(OR($CH$9=0,$CJ$9=0,CD19=""),"",IF(CD19>=$G$2,CD19+$CJ$9,CD19+$CH$9)) | CI19: =IF(OR($CH$9=0,$CJ$9=0,CE19=""),"",IF(CE19>=$G$2,CE19+$CJ$9,CE19+$CH$9)) | CJ19: =IF(OR($CH$9=0,$CJ$9=0,CF19=""),"",IF(CF19>=$G$2,CF19+$CJ$9,CF19+$CH$9)) | CK19: =IF(OR($CH$9=0,$CJ$9=0,CG19=""),"",IF(CG19>=$G$2,CG19+$CJ$9,CG19+$CH$9)) | CL19: =IF(OR($CL$9=0,$CN$9=0,CH19=""),"",IF(CH19>=$G$2,CH19+$CN$9,CH19+$CL$9)) | CM19: =IF(OR($CL$9=0,$CN$9=0,CI19=""),"",IF(CI19>=$G$2,CI19+$CN$9,CI19+$CL$9)) | CN19: =IF(OR($CL$9=0,$CN$9=0,CJ19=""),"",IF(CJ19>=$G$2,CJ19+$CN$9,CJ19+$CL$9)) | CO19: =IF(OR($CL$9=0,$CN$9=0,CK19=""),"",IF(CK19>=$G$2,CK19+$CN$9,CK19+$CL$9)) | CP19: =IF(OR($CP$9=0,$CR$9=0,CL19=""),"",IF(CL19>=$G$2,CL19+$CR$9,CL19+$CP$9)) | CQ19: =IF(OR($CP$9=0,$CR$9=0,CM19=""),"",IF(CM19>=$G$2,CM19+$CR$9,CM19+$CP$9)) | CR19: =IF(OR($CP$9=0,$CR$9=0,CN19=""),"",IF(CN19>=$G$2,CN19+$CR$9,CN19+$CP$9)) | CS19: =IF(OR($CP$9=0,$CR$9=0,CO19=""),"",IF(CO19>=$G$2,CO19+$CR$9,CO19+$CP$9)) | CT19: =IF(OR($CT$9=0,$CV$9=0,CP19=""),"",IF(CP19>=$G$2,CP19+$CV$9,CP19+$CT$9)) | CU19: =IF(OR($CT$9=0,$CV$9=0,CQ19=""),"",IF(CQ19>=$G$2,CQ19+$CV$9,CQ19+$CT$9)) | CV19: =IF(OR($CT$9=0,$CV$9=0,CR19=""),"",IF(CR19>=$G$2,CR19+$CV$9,CR19+$CT$9)) | CW19: =IF(OR($CT$9=0,$CV$9=0,CS19=""),"",IF(CS19>=$G$2,CS19+$CV$9,CS19+$CT$9)) | CX19: 2063 | CY19: 2064 | CZ19: 25 | DA19: 26 | DB19: 2113 | DC19: 2114 | DD19: 95 | DE19: 96 | DF19: 2163 | DG19: 2164 | DH19: 165 | DI19: 166 | DJ19: 2213 | DK19: 2214 | DL19: 235 | DM19: 236 | DN19: 2263 | DO19: 2264 | DP19: 305 | DQ19: 306 | DR19: 2313 | DS19: 2314 | DT19: 375 | DU19: 376 | DV19: 2363 | DW19: 2364 | DX19: 445 | DY19: 446 | DZ19: 3087 | EA19: 3088 | EB19: 1049 | EC19: 1050 | ED19: 3137 | EE19: 3138 | EF19: 1119 | EG19: 1120 | EH19: 3187 | EI19: 3188 | EJ19: 1189 | EK19: 1190 | EL19: 3237 | EM19: 3238 | EN19: 1259 | EO19: 1260 | EP19: 3287 | EQ19: 3288 | ER19: 1329 | ES19: 1330 | ET19: 3337 | EU19: 3338 | EV19: 1399 | EW19: 1400 | EX19: 3387 | EY19: 3388 | EZ19: 1469 | FA19: 1470
A20: =IF(B20="","",A19+1) -> 8 | B20: 2065 | C20: 2066 | D20: 35 | E20: 36 | F20: =IF(OR($F$9=0,$H$9=0,B20=""),"",IF(B20>=$G$2,B20+$H$9,B20+$F$9)) -> 2115 | G20: =IF(OR($F$9=0,$H$9=0,C20=""),"",IF(C20>=$G$2,C20+$H$9,C20+$F$9)) -> 2116 | H20: =IF(OR($F$9=0,$H$9=0,D20=""),"",IF(D20>=$G$2,D20+$H$9,D20+$F$9)) -> 105 | I20: =IF(OR($F$9=0,$H$9=0,E20=""),"",IF(E20>=$G$2,E20+$H$9,E20+$F$9)) -> 106 | J20: =IF(OR($J$9=0,$L$9=0,F20=""),"",IF(F20>=$G$2,F20+$L$9,F20+$J$9)) -> 2165 | K20: =IF(OR($J$9=0,$L$9=0,G20=""),"",IF(G20>=$G$2,G20+$L$9,G20+$J$9)) -> 2166 | L20: =IF(OR($J$9=0,$L$9=0,H20=""),"",IF(H20>=$G$2,H20+$L$9,H20+$J$9)) -> 175 | M20: =IF(OR($J$9=0,$L$9=0,I20=""),"",IF(I20>=$G$2,I20+$L$9,I20+$J$9)) -> 176 | N20: =IF(OR($N$9=0,$P$9=0,J20=""),"",IF(J20>=$G$2,J20+$P$9,J20+$N$9)) -> 2215 | O20: =IF(OR($N$9=0,$P$9=0,K20=""),"",IF(K20>=$G$2,K20+$P$9,K20+$N$9)) -> 2216 | P20: =IF(OR($N$9=0,$P$9=0,L20=""),"",IF(L20>=$G$2,L20+$P$9,L20+$N$9)) -> 245 | Q20: =IF(OR($N$9=0,$P$9=0,M20=""),"",IF(M20>=$G$2,M20+$P$9,M20+$N$9)) -> 246 | R20: =IF(OR($R$9=0,$T$9=0,N20=""),"",IF(N20>=$G$2,N20+$T$9,N20+$R$9)) -> 2265 | S20: =IF(OR($R$9=0,$T$9=0,O20=""),"",IF(O20>=$G$2,O20+$T$9,O20+$R$9)) -> 2266 | T20: =IF(OR($R$9=0,$T$9=0,P20=""),"",IF(P20>=$G$2,P20+$T$9,P20+$R$9)) -> 315 | U20: =IF(OR($R$9=0,$T$9=0,Q20=""),"",IF(Q20>=$G$2,Q20+$T$9,Q20+$R$9)) -> 316 | V20: =IF(OR($V$9=0,$X$9=0,R20=""),"",IF(R20>=$G$2,R20+$X$9,R20+$V$9)) -> 2315 | W20: =IF(OR($V$9=0,$X$9=0,S20=""),"",IF(S20>=$G$2,S20+$X$9,S20+$V$9)) -> 2316 | X20: =IF(OR($V$9=0,$X$9=0,T20=""),"",IF(T20>=$G$2,T20+$X$9,T20+$V$9)) -> 385 | Y20: =IF(OR($V$9=0,$X$9=0,U20=""),"",IF(U20>=$G$2,U20+$X$9,U20+$V$9)) -> 386 | Z20: =IF(OR($Z$9=0,$AB$9=0,V20=""),"",IF(V20>=$G$2,V20+$AB$9,V20+$Z$9)) -> 2365 | AA20: =IF(OR($Z$9=0,$AB$9=0,W20=""),"",IF(W20>=$G$2,W20+$AB$9,W20+$Z$9)) -> 2366 | AB20: =IF(OR($Z$9=0,$AB$9=0,X20=""),"",IF(X20>=$G$2,X20+$AB$9,X20+$Z$9)) -> 455 | AC20: =IF(OR($Z$9=0,$AB$9=0,Y20=""),"",IF(Y20>=$G$2,Y20+$AB$9,Y20+$Z$9)) -> 456 | AD20: =IF(OR($AD$9=0,$AF$9=0,Z20=""),"",IF(Z20>=$G$2,Z20+$AF$9,Z20+$AD$9)) -> 3089 | AE20: =IF(OR($AD$9=0,$AF$9=0,AA20=""),"",IF(AA20>=$G$2,AA20+$AF$9,AA20+$AD$9)) -> 3090 | AF20: =IF(OR($AD$9=0,$AF$9=0,AB20=""),"",IF(AB20>=$G$2,AB20+$AF$9,AB20+$AD$9)) -> 1059 | AG20: =IF(OR($AD$9=0,$AF$9=0,AC20=""),"",IF(AC20>=$G$2,AC20+$AF$9,AC20+$AD$9)) -> 1060 | AH20: =IF(OR($AH$9=0,$AJ$9=0,AD20=""),"",IF(AD20>=$G$2,AD20+$AJ$9,AD20+$AH$9)) -> 3139 | AI20: =IF(OR($AH$9=0,$AJ$9=0,AE20=""),"",IF(AE20>=$G$2,AE20+$AJ$9,AE20+$AH$9)) -> 3140 | AJ20: =IF(OR($AH$9=0,$AJ$9=0,AF20=""),"",IF(AF20>=$G$2,AF20+$AJ$9,AF20+$AH$9)) -> 1129 | AK20: =IF(OR($AH$9=0,$AJ$9=0,AG20=""),"",IF(AG20>=$G$2,AG20+$AJ$9,AG20+$AH$9)) -> 1130 | AL20: =IF(OR($AL$9=0,$AN$9=0,AH20=""),"",IF(AH20>=$G$2,AH20+$AN$9,AH20+$AL$9)) -> 3189 | AM20: =IF(OR($AL$9=0,$AN$9=0,AI20=""),"",IF(AI20>=$G$2,AI20+$AN$9,AI20+$AL$9)) -> 3190 | AN20: =IF(OR($AL$9=0,$AN$9=0,AJ20=""),"",IF(AJ20>=$G$2,AJ20+$AN$9,AJ20+$AL$9)) -> 1199 | AO20: =IF(OR($AL$9=0,$AN$9=0,AK20=""),"",IF(AK20>=$G$2,AK20+$AN$9,AK20+$AL$9)) -> 1200 | AP20: =IF(OR($AP$9=0,$AR$9=0,AL20=""),"",IF(AL20>=$G$2,AL20+$AR$9,AL20+$AP$9)) -> 3239 | AQ20: =IF(OR($AP$9=0,$AR$9=0,AM20=""),"",IF(AM20>=$G$2,AM20+$AR$9,AM20+$AP$9)) -> 3240 | AR20: =IF(OR($AP$9=0,$AR$9=0,AN20=""),"",IF(AN20>=$G$2,AN20+$AR$9,AN20+$AP$9)) -> 1269 | AS20: =IF(OR($AP$9=0,$AR$9=0,AO20=""),"",IF(AO20>=$G$2,AO20+$AR$9,AO20+$AP$9)) -> 1270 | AT20: =IF(OR($AT$9=0,$AV$9=0,AP20=""),"",IF(AP20>=$G$2,AP20+$AV$9,AP20+$AT$9)) -> 3289 | AU20: =IF(OR($AT$9=0,$AV$9=0,AQ20=""),"",IF(AQ20>=$G$2,AQ20+$AV$9,AQ20+$AT$9)) -> 3290 | AV20: =IF(OR($AT$9=0,$AV$9=0,AR20=""),"",IF(AR20>=$G$2,AR20+$AV$9,AR20+$AT$9)) -> 1339 | AW20: =IF(OR($AT$9=0,$AV$9=0,AS20=""),"",IF(AS20>=$G$2,AS20+$AV$9,AS20+$AT$9)) -> 1340 | AX20: =IF(OR($AX$9=0,$AZ$9=0,AT20=""),"",IF(AT20>=$G$2,AT20+$AZ$9,AT20+$AX$9)) -> 3339 | AY20: =IF(OR($AX$9=0,$AZ$9=0,AU20=""),"",IF(AU20>=$G$2,AU20+$AZ$9,AU20+$AX$9)) -> 3340 | AZ20: =IF(OR($AX$9=0,$AZ$9=0,AV20=""),"",IF(AV20>=$G$2,AV20+$AZ$9,AV20+$AX$9)) -> 1409 | BA20: =IF(OR($AX$9=0,$AZ$9=0,AW20=""),"",IF(AW20>=$G$2,AW20+$AZ$9,AW20+$AX$9)) -> 1410 | BB20: =IF(OR($BB$9=0,$BD$9=0,AX20=""),"",IF(AX20>=$G$2,AX20+$BD$9,AX20+$BB$9)) -> 3389 | BC20: =IF(OR($BB$9=0,$BD$9=0,AY20=""),"",IF(AY20>=$G$2,AY20+$BD$9,AY20+$BB$9)) -> 3390 | BD20: =IF(OR($BB$9=0,$BD$9=0,AZ20=""),"",IF(AZ20>=$G$2,AZ20+$BD$9,AZ20+$BB$9)) -> 1479 | BE20: =IF(OR($BB$9=0,$BD$9=0,BA20=""),"",IF(BA20>=$G$2,BA20+$BD$9,BA20+$BB$9)) -> 1480 | BF20: =IF(OR($BF$9=0,$BH$9=0,BB20=""),"",IF(BB20>=$G$2,BB20+$BH$9,BB20+$BF$9)) | BG20: =IF(OR($BF$9=0,$BH$9=0,BC20=""),"",IF(BC20>=$G$2,BC20+$BH$9,BC20+$BF$9)) | BH20: =IF(OR($BF$9=0,$BH$9=0,BD20=""),"",IF(BD20>=$G$2,BD20+$BH$9,BD20+$BF$9)) | BI20: =IF(OR($BF$9=0,$BH$9=0,BE20=""),"",IF(BE20>=$G$2,BE20+$BH$9,BE20+$BF$9)) | BJ20: =IF(OR($BJ$9=0,$BL$9=0,BF20=""),"",IF(BF20>=$G$2,BF20+$BL$9,BF20+$BJ$9)) | BK20: =IF(OR($BJ$9=0,$BL$9=0,BG20=""),"",IF(BG20>=$G$2,BG20+$BL$9,BG20+$BJ$9)) | BL20: =IF(OR($BJ$9=0,$BL$9=0,BH20=""),"",IF(BH20>=$G$2,BH20+$BL$9,BH20+$BJ$9)) | BM20: =IF(OR($BJ$9=0,$BL$9=0,BI20=""),"",IF(BI20>=$G$2,BI20+$BL$9,BI20+$BJ$9)) | BN20: =IF(OR($BN$9=0,$BP$9=0,BJ20=""),"",IF(BJ20>=$G$2,BJ20+$BP$9,BJ20+$BN$9)) | BO20: =IF(OR($BN$9=0,$BP$9=0,BK20=""),"",IF(BK20>=$G$2,BK20+$BP$9,BK20+$BN$9)) | BP20: =IF(OR($BN$9=0,$BP$9=0,BL20=""),"",IF(BL20>=$G$2,BL20+$BP$9,BL20+$BN$9)) | BQ20: =IF(OR($BN$9=0,$BP$9=0,BM20=""),"",IF(BM20>=$G$2,BM20+$BP$9,BM20+$BN$9)) | BR20: =IF(OR($BR$9=0,$BT$9=0,BN20=""),"",IF(BN20>=$G$2,BN20+$BT$9,BN20+$BR$9)) | BS20: =IF(OR($BR$9=0,$BT$9=0,BO20=""),"",IF(BO20>=$G$2,BO20+$BT$9,BO20+$BR$9)) | BT20: =IF(OR($BR$9=0,$BT$9=0,BP20=""),"",IF(BP20>=$G$2,BP20+$BT$9,BP20+$BR$9)) | BU20: =IF(OR($BR$9=0,$BT$9=0,BQ20=""),"",IF(BQ20>=$G$2,BQ20+$BT$9,BQ20+$BR$9)) | BV20: =IF(OR($BV$9=0,$BX$9=0,BR20=""),"",IF(BR20>=$G$2,BR20+$BX$9,BR20+$BV$9)) | BW20: =IF(OR($BV$9=0,$BX$9=0,BS20=""),"",IF(BS20>=$G$2,BS20+$BX$9,BS20+$BV$9)) | BX20: =IF(OR($BV$9=0,$BX$9=0,BT20=""),"",IF(BT20>=$G$2,BT20+$BX$9,BT20+$BV$9)) | BY20: =IF(OR($BV$9=0,$BX$9=0,BU20=""),"",IF(BU20>=$G$2,BU20+$BX$9,BU20+$BV$9)) | BZ20: =IF(OR($BZ$9=0,$CB$9=0,BV20=""),"",IF(BV20>=$G$2,BV20+$CB$9,BV20+$BZ$9)) | CA20: =IF(OR($BZ$9=0,$CB$9=0,BW20=""),"",IF(BW20>=$G$2,BW20+$CB$9,BW20+$BZ$9)) | CB20: =IF(OR($BZ$9=0,$CB$9=0,BX20=""),"",IF(BX20>=$G$2,BX20+$CB$9,BX20+$BZ$9)) | CC20: =IF(OR($BZ$9=0,$CB$9=0,BY20=""),"",IF(BY20>=$G$2,BY20+$CB$9,BY20+$BZ$9)) | CD20: =IF(OR($CD$9=0,$CF$9=0,BZ20=""),"",IF(BZ20>=$G$2,BZ20+$CF$9,BZ20+$CD$9)) | CE20: =IF(OR($CD$9=0,$CF$9=0,CA20=""),"",IF(CA20>=$G$2,CA20+$CF$9,CA20+$CD$9)) | CF20: =IF(OR($CD$9=0,$CF$9=0,CB20=""),"",IF(CB20>=$G$2,CB20+$CF$9,CB20+$CD$9)) | CG20: =IF(OR($CD$9=0,$CF$9=0,CC20=""),"",IF(CC20>=$G$2,CC20+$CF$9,CC20+$CD$9)) | CH20: =IF(OR($CH$9=0,$CJ$9=0,CD20=""),"",IF(CD20>=$G$2,CD20+$CJ$9,CD20+$CH$9)) | CI20: =IF(OR($CH$9=0,$CJ$9=0,CE20=""),"",IF(CE20>=$G$2,CE20+$CJ$9,CE20+$CH$9)) | CJ20: =IF(OR($CH$9=0,$CJ$9=0,CF20=""),"",IF(CF20>=$G$2,CF20+$CJ$9,CF20+$CH$9)) | CK20: =IF(OR($CH$9=0,$CJ$9=0,CG20=""),"",IF(CG20>=$G$2,CG20+$CJ$9,CG20+$CH$9)) | CL20: =IF(OR($CL$9=0,$CN$9=0,CH20=""),"",IF(CH20>=$G$2,CH20+$CN$9,CH20+$CL$9)) | CM20: =IF(OR($CL$9=0,$CN$9=0,CI20=""),"",IF(CI20>=$G$2,CI20+$CN$9,CI20+$CL$9)) | CN20: =IF(OR($CL$9=0,$CN$9=0,CJ20=""),"",IF(CJ20>=$G$2,CJ20+$CN$9,CJ20+$CL$9)) | CO20: =IF(OR($CL$9=0,$CN$9=0,CK20=""),"",IF(CK20>=$G$2,CK20+$CN$9,CK20+$CL$9)) | CP20: =IF(OR($CP$9=0,$CR$9=0,CL20=""),"",IF(CL20>=$G$2,CL20+$CR$9,CL20+$CP$9)) | CQ20: =IF(OR($CP$9=0,$CR$9=0,CM20=""),"",IF(CM20>=$G$2,CM20+$CR$9,CM20+$CP$9)) | CR20: =IF(OR($CP$9=0,$CR$9=0,CN20=""),"",IF(CN20>=$G$2,CN20+$CR$9,CN20+$CP$9)) | CS20: =IF(OR($CP$9=0,$CR$9=0,CO20=""),"",IF(CO20>=$G$2,CO20+$CR$9,CO20+$CP$9)) | CT20: =IF(OR($CT$9=0,$CV$9=0,CP20=""),"",IF(CP20>=$G$2,CP20+$CV$9,CP20+$CT$9)) | CU20: =IF(OR($CT$9=0,$CV$9=0,CQ20=""),"",IF(CQ20>=$G$2,CQ20+$CV$9,CQ20+$CT$9)) | CV20: =IF(OR($CT$9=0,$CV$9=0,CR20=""),"",IF(CR20>=$G$2,CR20+$CV$9,CR20+$CT$9)) | CW20: =IF(OR($CT$9=0,$CV$9=0,CS20=""),"",IF(CS20>=$G$2,CS20+$CV$9,CS20+$CT$9)) | CX20: 2065 | CY20: 2066 | CZ20: 35 | DA20: 36 | DB20: 2115 | DC20: 2116 | DD20: 105 | DE20: 106 | DF20: 2165 | DG20: 2166 | DH20: 175 | DI20: 176 | DJ20: 2215 | DK20: 2216 | DL20: 245 | DM20: 246 | DN20: 2265 | DO20: 2266 | DP20: 315 | DQ20: 316 | DR20: 2315 | DS20: 2316 | DT20: 385 | DU20: 386 | DV20: 2365 | DW20: 2366 | DX20: 455 | DY20: 456 | DZ20: 3089 | EA20: 3090 | EB20: 1059 | EC20: 1060 | ED20: 3139 | EE20: 3140 | EF20: 1129 | EG20: 1130 | EH20: 3189 | EI20: 3190 | EJ20: 1199 | EK20: 1200 | EL20: 3239 | EM20: 3240 | EN20: 1269 | EO20: 1270 | EP20: 3289 | EQ20: 3290 | ER20: 1339 | ES20: 1340 | ET20: 3339 | EU20: 3340 | EV20: 1409 | EW20: 1410 | EX20: 3389 | EY20: 3390 | EZ20: 1479 | FA20: 1480
A21: =IF(B21="","",A20+1) -> 9 | B21: 2065 | C21: 2066 | D21: 37 | E21: 38 | F21: =IF(OR($F$9=0,$H$9=0,B21=""),"",IF(B21>=$G$2,B21+$H$9,B21+$F$9)) -> 2115 | G21: =IF(OR($F$9=0,$H$9=0,C21=""),"",IF(C21>=$G$2,C21+$H$9,C21+$F$9)) -> 2116 | H21: =IF(OR($F$9=0,$H$9=0,D21=""),"",IF(D21>=$G$2,D21+$H$9,D21+$F$9)) -> 107 | I21: =IF(OR($F$9=0,$H$9=0,E21=""),"",IF(E21>=$G$2,E21+$H$9,E21+$F$9)) -> 108 | J21: =IF(OR($J$9=0,$L$9=0,F21=""),"",IF(F21>=$G$2,F21+$L$9,F21+$J$9)) -> 2165 | K21: =IF(OR($J$9=0,$L$9=0,G21=""),"",IF(G21>=$G$2,G21+$L$9,G21+$J$9)) -> 2166 | L21: =IF(OR($J$9=0,$L$9=0,H21=""),"",IF(H21>=$G$2,H21+$L$9,H21+$J$9)) -> 177 | M21: =IF(OR($J$9=0,$L$9=0,I21=""),"",IF(I21>=$G$2,I21+$L$9,I21+$J$9)) -> 178 | N21: =IF(OR($N$9=0,$P$9=0,J21=""),"",IF(J21>=$G$2,J21+$P$9,J21+$N$9)) -> 2215 | O21: =IF(OR($N$9=0,$P$9=0,K21=""),"",IF(K21>=$G$2,K21+$P$9,K21+$N$9)) -> 2216 | P21: =IF(OR($N$9=0,$P$9=0,L21=""),"",IF(L21>=$G$2,L21+$P$9,L21+$N$9)) -> 247 | Q21: =IF(OR($N$9=0,$P$9=0,M21=""),"",IF(M21>=$G$2,M21+$P$9,M21+$N$9)) -> 248 | R21: =IF(OR($R$9=0,$T$9=0,N21=""),"",IF(N21>=$G$2,N21+$T$9,N21+$R$9)) -> 2265 | S21: =IF(OR($R$9=0,$T$9=0,O21=""),"",IF(O21>=$G$2,O21+$T$9,O21+$R$9)) -> 2266 | T21: =IF(OR($R$9=0,$T$9=0,P21=""),"",IF(P21>=$G$2,P21+$T$9,P21+$R$9)) -> 317 | U21: =IF(OR($R$9=0,$T$9=0,Q21=""),"",IF(Q21>=$G$2,Q21+$T$9,Q21+$R$9)) -> 318 | V21: =IF(OR($V$9=0,$X$9=0,R21=""),"",IF(R21>=$G$2,R21+$X$9,R21+$V$9)) -> 2315 | W21: =IF(OR($V$9=0,$X$9=0,S21=""),"",IF(S21>=$G$2,S21+$X$9,S21+$V$9)) -> 2316 | X21: =IF(OR($V$9=0,$X$9=0,T21=""),"",IF(T21>=$G$2,T21+$X$9,T21+$V$9)) -> 387 | Y21: =IF(OR($V$9=0,$X$9=0,U21=""),"",IF(U21>=$G$2,U21+$X$9,U21+$V$9)) -> 388 | Z21: =IF(OR($Z$9=0,$AB$9=0,V21=""),"",IF(V21>=$G$2,V21+$AB$9,V21+$Z$9)) -> 2365 | AA21: =IF(OR($Z$9=0,$AB$9=0,W21=""),"",IF(W21>=$G$2,W21+$AB$9,W21+$Z$9)) -> 2366 | AB21: =IF(OR($Z$9=0,$AB$9=0,X21=""),"",IF(X21>=$G$2,X21+$AB$9,X21+$Z$9)) -> 457 | AC21: =IF(OR($Z$9=0,$AB$9=0,Y21=""),"",IF(Y21>=$G$2,Y21+$AB$9,Y21+$Z$9)) -> 458 | AD21: =IF(OR($AD$9=0,$AF$9=0,Z21=""),"",IF(Z21>=$G$2,Z21+$AF$9,Z21+$AD$9)) -> 3089 | AE21: =IF(OR($AD$9=0,$AF$9=0,AA21=""),"",IF(AA21>=$G$2,AA21+$AF$9,AA21+$AD$9)) -> 3090 | AF21: =IF(OR($AD$9=0,$AF$9=0,AB21=""),"",IF(AB21>=$G$2,AB21+$AF$9,AB21+$AD$9)) -> 1061 | AG21: =IF(OR($AD$9=0,$AF$9=0,AC21=""),"",IF(AC21>=$G$2,AC21+$AF$9,AC21+$AD$9)) -> 1062 | AH21: =IF(OR($AH$9=0,$AJ$9=0,AD21=""),"",IF(AD21>=$G$2,AD21+$AJ$9,AD21+$AH$9)) -> 3139 | AI21: =IF(OR($AH$9=0,$AJ$9=0,AE21=""),"",IF(AE21>=$G$2,AE21+$AJ$9,AE21+$AH$9)) -> 3140 | AJ21: =IF(OR($AH$9=0,$AJ$9=0,AF21=""),"",IF(AF21>=$G$2,AF21+$AJ$9,AF21+$AH$9)) -> 1131 | AK21: =IF(OR($AH$9=0,$AJ$9=0,AG21=""),"",IF(AG21>=$G$2,AG21+$AJ$9,AG21+$AH$9)) -> 1132 | AL21: =IF(OR($AL$9=0,$AN$9=0,AH21=""),"",IF(AH21>=$G$2,AH21+$AN$9,AH21+$AL$9)) -> 3189 | AM21: =IF(OR($AL$9=0,$AN$9=0,AI21=""),"",IF(AI21>=$G$2,AI21+$AN$9,AI21+$AL$9)) -> 3190 | AN21: =IF(OR($AL$9=0,$AN$9=0,AJ21=""),"",IF(AJ21>=$G$2,AJ21+$AN$9,AJ21+$AL$9)) -> 1201 | AO21: =IF(OR($AL$9=0,$AN$9=0,AK21=""),"",IF(AK21>=$G$2,AK21+$AN$9,AK21+$AL$9)) -> 1202 | AP21: =IF(OR($AP$9=0,$AR$9=0,AL21=""),"",IF(AL21>=$G$2,AL21+$AR$9,AL21+$AP$9)) -> 3239 | AQ21: =IF(OR($AP$9=0,$AR$9=0,AM21=""),"",IF(AM21>=$G$2,AM21+$AR$9,AM21+$AP$9)) -> 3240 | AR21: =IF(OR($AP$9=0,$AR$9=0,AN21=""),"",IF(AN21>=$G$2,AN21+$AR$9,AN21+$AP$9)) -> 1271 | AS21: =IF(OR($AP$9=0,$AR$9=0,AO21=""),"",IF(AO21>=$G$2,AO21+$AR$9,AO21+$AP$9)) -> 1272 | AT21: =IF(OR($AT$9=0,$AV$9=0,AP21=""),"",IF(AP21>=$G$2,AP21+$AV$9,AP21+$AT$9)) -> 3289 | AU21: =IF(OR($AT$9=0,$AV$9=0,AQ21=""),"",IF(AQ21>=$G$2,AQ21+$AV$9,AQ21+$AT$9)) -> 3290 | AV21: =IF(OR($AT$9=0,$AV$9=0,AR21=""),"",IF(AR21>=$G$2,AR21+$AV$9,AR21+$AT$9)) -> 1341 | AW21: =IF(OR($AT$9=0,$AV$9=0,AS21=""),"",IF(AS21>=$G$2,AS21+$AV$9,AS21+$AT$9)) -> 1342 | AX21: =IF(OR($AX$9=0,$AZ$9=0,AT21=""),"",IF(AT21>=$G$2,AT21+$AZ$9,AT21+$AX$9)) -> 3339 | AY21: =IF(OR($AX$9=0,$AZ$9=0,AU21=""),"",IF(AU21>=$G$2,AU21+$AZ$9,AU21+$AX$9)) -> 3340 | AZ21: =IF(OR($AX$9=0,$AZ$9=0,AV21=""),"",IF(AV21>=$G$2,AV21+$AZ$9,AV21+$AX$9)) -> 1411 | BA21: =IF(OR($AX$9=0,$AZ$9=0,AW21=""),"",IF(AW21>=$G$2,AW21+$AZ$9,AW21+$AX$9)) -> 1412 | BB21: =IF(OR($BB$9=0,$BD$9=0,AX21=""),"",IF(AX21>=$G$2,AX21+$BD$9,AX21+$BB$9)) -> 3389 | BC21: =IF(OR($BB$9=0,$BD$9=0,AY21=""),"",IF(AY21>=$G$2,AY21+$BD$9,AY21+$BB$9)) -> 3390 | BD21: =IF(OR($BB$9=0,$BD$9=0,AZ21=""),"",IF(AZ21>=$G$2,AZ21+$BD$9,AZ21+$BB$9)) -> 1481 | BE21: =IF(OR($BB$9=0,$BD$9=0,BA21=""),"",IF(BA21>=$G$2,BA21+$BD$9,BA21+$BB$9)) -> 1482 | BF21: =IF(OR($BF$9=0,$BH$9=0,BB21=""),"",IF(BB21>=$G$2,BB21+$BH$9,BB21+$BF$9)) | BG21: =IF(OR($BF$9=0,$BH$9=0,BC21=""),"",IF(BC21>=$G$2,BC21+$BH$9,BC21+$BF$9)) | BH21: =IF(OR($BF$9=0,$BH$9=0,BD21=""),"",IF(BD21>=$G$2,BD21+$BH$9,BD21+$BF$9)) | BI21: =IF(OR($BF$9=0,$BH$9=0,BE21=""),"",IF(BE21>=$G$2,BE21+$BH$9,BE21+$BF$9)) | BJ21: =IF(OR($BJ$9=0,$BL$9=0,BF21=""),"",IF(BF21>=$G$2,BF21+$BL$9,BF21+$BJ$9)) | BK21: =IF(OR($BJ$9=0,$BL$9=0,BG21=""),"",IF(BG21>=$G$2,BG21+$BL$9,BG21+$BJ$9)) | BL21: =IF(OR($BJ$9=0,$BL$9=0,BH21=""),"",IF(BH21>=$G$2,BH21+$BL$9,BH21+$BJ$9)) | BM21: =IF(OR($BJ$9=0,$BL$9=0,BI21=""),"",IF(BI21>=$G$2,BI21+$BL$9,BI21+$BJ$9)) | BN21: =IF(OR($BN$9=0,$BP$9=0,BJ21=""),"",IF(BJ21>=$G$2,BJ21+$BP$9,BJ21+$BN$9)) | BO21: =IF(OR($BN$9=0,$BP$9=0,BK21=""),"",IF(BK21>=$G$2,BK21+$BP$9,BK21+$BN$9)) | BP21: =IF(OR($BN$9=0,$BP$9=0,BL21=""),"",IF(BL21>=$G$2,BL21+$BP$9,BL21+$BN$9)) | BQ21: =IF(OR($BN$9=0,$BP$9=0,BM21=""),"",IF(BM21>=$G$2,BM21+$BP$9,BM21+$BN$9)) | BR21: =IF(OR($BR$9=0,$BT$9=0,BN21=""),"",IF(BN21>=$G$2,BN21+$BT$9,BN21+$BR$9)) | BS21: =IF(OR($BR$9=0,$BT$9=0,BO21=""),"",IF(BO21>=$G$2,BO21+$BT$9,BO21+$BR$9)) | BT21: =IF(OR($BR$9=0,$BT$9=0,BP21=""),"",IF(BP21>=$G$2,BP21+$BT$9,BP21+$BR$9)) | BU21: =IF(OR($BR$9=0,$BT$9=0,BQ21=""),"",IF(BQ21>=$G$2,BQ21+$BT$9,BQ21+$BR$9)) | BV21: =IF(OR($BV$9=0,$BX$9=0,BR21=""),"",IF(BR21>=$G$2,BR21+$BX$9,BR21+$BV$9)) | BW21: =IF(OR($BV$9=0,$BX$9=0,BS21=""),"",IF(BS21>=$G$2,BS21+$BX$9,BS21+$BV$9)) | BX21: =IF(OR($BV$9=0,$BX$9=0,BT21=""),"",IF(BT21>=$G$2,BT21+$BX$9,BT21+$BV$9)) | BY21: =IF(OR($BV$9=0,$BX$9=0,BU21=""),"",IF(BU21>=$G$2,BU21+$BX$9,BU21+$BV$9)) | BZ21: =IF(OR($BZ$9=0,$CB$9=0,BV21=""),"",IF(BV21>=$G$2,BV21+$CB$9,BV21+$BZ$9)) | CA21: =IF(OR($BZ$9=0,$CB$9=0,BW21=""),"",IF(BW21>=$G$2,BW21+$CB$9,BW21+$BZ$9)) | CB21: =IF(OR($BZ$9=0,$CB$9=0,BX21=""),"",IF(BX21>=$G$2,BX21+$CB$9,BX21+$BZ$9)) | CC21: =IF(OR($BZ$9=0,$CB$9=0,BY21=""),"",IF(BY21>=$G$2,BY21+$CB$9,BY21+$BZ$9)) | CD21: =IF(OR($CD$9=0,$CF$9=0,BZ21=""),"",IF(BZ21>=$G$2,BZ21+$CF$9,BZ21+$CD$9)) | CE21: =IF(OR($CD$9=0,$CF$9=0,CA21=""),"",IF(CA21>=$G$2,CA21+$CF$9,CA21+$CD$9)) | CF21: =IF(OR($CD$9=0,$CF$9=0,CB21=""),"",IF(CB21>=$G$2,CB21+$CF$9,CB21+$CD$9)) | CG21: =IF(OR($CD$9=0,$CF$9=0,CC21=""),"",IF(CC21>=$G$2,CC21+$CF$9,CC21+$CD$9)) | CH21: =IF(OR($CH$9=0,$CJ$9=0,CD21=""),"",IF(CD21>=$G$2,CD21+$CJ$9,CD21+$CH$9)) | CI21: =IF(OR($CH$9=0,$CJ$9=0,CE21=""),"",IF(CE21>=$G$2,CE21+$CJ$9,CE21+$CH$9)) | CJ21: =IF(OR($CH$9=0,$CJ$9=0,CF21=""),"",IF(CF21>=$G$2,CF21+$CJ$9,CF21+$CH$9)) | CK21: =IF(OR($CH$9=0,$CJ$9=0,CG21=""),"",IF(CG21>=$G$2,CG21+$CJ$9,CG21+$CH$9)) | CL21: =IF(OR($CL$9=0,$CN$9=0,CH21=""),"",IF(CH21>=$G$2,CH21+$CN$9,CH21+$CL$9)) | CM21: =IF(OR($CL$9=0,$CN$9=0,CI21=""),"",IF(CI21>=$G$2,CI21+$CN$9,CI21+$CL$9)) | CN21: =IF(OR($CL$9=0,$CN$9=0,CJ21=""),"",IF(CJ21>=$G$2,CJ21+$CN$9,CJ21+$CL$9)) | CO21: =IF(OR($CL$9=0,$CN$9=0,CK21=""),"",IF(CK21>=$G$2,CK21+$CN$9,CK21+$CL$9)) | CP21: =IF(OR($CP$9=0,$CR$9=0,CL21=""),"",IF(CL21>=$G$2,CL21+$CR$9,CL21+$CP$9)) | CQ21: =IF(OR($CP$9=0,$CR$9=0,CM21=""),"",IF(CM21>=$G$2,CM21+$CR$9,CM21+$CP$9)) | CR21: =IF(OR($CP$9=0,$CR$9=0,CN21=""),"",IF(CN21>=$G$2,CN21+$CR$9,CN21+$CP$9)) | CS21: =IF(OR($CP$9=0,$CR$9=0,CO21=""),"",IF(CO21>=$G$2,CO21+$CR$9,CO21+$CP$9)) | CT21: =IF(OR($CT$9=0,$CV$9=0,CP21=""),"",IF(CP21>=$G$2,CP21+$CV$9,CP21+$CT$9)) | CU21: =IF(OR($CT$9=0,$CV$9=0,CQ21=""),"",IF(CQ21>=$G$2,CQ21+$CV$9,CQ21+$CT$9)) | CV21: =IF(OR($CT$9=0,$CV$9=0,CR21=""),"",IF(CR21>=$G$2,CR21+$CV$9,CR21+$CT$9)) | CW21: =IF(OR($CT$9=0,$CV$9=0,CS21=""),"",IF(CS21>=$G$2,CS21+$CV$9,CS21+$CT$9)) | CX21: 2065 | CY21: 2066 | CZ21: 37 | DA21: 38 | DB21: 2115 | DC21: 2116 | DD21: 107 | DE21: 108 | DF21: 2165 | DG21: 2166 | DH21: 177 | DI21: 178 | DJ21: 2215 | DK21: 2216 | DL21: 247 | DM21: 248 | DN21: 2265 | DO21: 2266 | DP21: 317 | DQ21: 318 | DR21: 2315 | DS21: 2316 | DT21: 387 | DU21: 388 | DV21: 2365 | DW21: 2366 | DX21: 457 | DY21: 458 | DZ21: 3089 | EA21: 3090 | EB21: 1061 | EC21: 1062 | ED21: 3139 | EE21: 3140 | EF21: 1131 | EG21: 1132 | EH21: 3189 | EI21: 3190 | EJ21: 1201 | EK21: 1202 | EL21: 3239 | EM21: 3240 | EN21: 1271 | EO21: 1272 | EP21: 3289 | EQ21: 3290 | ER21: 1341 | ES21: 1342 | ET21: 3339 | EU21: 3340 | EV21: 1411 | EW21: 1412 | EX21: 3389 | EY21: 3390 | EZ21: 1481 | FA21: 1482
A22: =IF(B22="","",A21+1) -> 10 | B22: 2069 | C22: 2070 | D22: 31 | E22: 32 | F22: =IF(OR($F$9=0,$H$9=0,B22=""),"",IF(B22>=$G$2,B22+$H$9,B22+$F$9)) -> 2119 | G22: =IF(OR($F$9=0,$H$9=0,C22=""),"",IF(C22>=$G$2,C22+$H$9,C22+$F$9)) -> 2120 | H22: =IF(OR($F$9=0,$H$9=0,D22=""),"",IF(D22>=$G$2,D22+$H$9,D22+$F$9)) -> 101 | I22: =IF(OR($F$9=0,$H$9=0,E22=""),"",IF(E22>=$G$2,E22+$H$9,E22+$F$9)) -> 102 | J22: =IF(OR($J$9=0,$L$9=0,F22=""),"",IF(F22>=$G$2,F22+$L$9,F22+$J$9)) -> 2169 | K22: =IF(OR($J$9=0,$L$9=0,G22=""),"",IF(G22>=$G$2,G22+$L$9,G22+$J$9)) -> 2170 | L22: =IF(OR($J$9=0,$L$9=0,H22=""),"",IF(H22>=$G$2,H22+$L$9,H22+$J$9)) -> 171 | M22: =IF(OR($J$9=0,$L$9=0,I22=""),"",IF(I22>=$G$2,I22+$L$9,I22+$J$9)) -> 172 | N22: =IF(OR($N$9=0,$P$9=0,J22=""),"",IF(J22>=$G$2,J22+$P$9,J22+$N$9)) -> 2219 | O22: =IF(OR($N$9=0,$P$9=0,K22=""),"",IF(K22>=$G$2,K22+$P$9,K22+$N$9)) -> 2220 | P22: =IF(OR($N$9=0,$P$9=0,L22=""),"",IF(L22>=$G$2,L22+$P$9,L22+$N$9)) -> 241 | Q22: =IF(OR($N$9=0,$P$9=0,M22=""),"",IF(M22>=$G$2,M22+$P$9,M22+$N$9)) -> 242 | R22: =IF(OR($R$9=0,$T$9=0,N22=""),"",IF(N22>=$G$2,N22+$T$9,N22+$R$9)) -> 2269 | S22: =IF(OR($R$9=0,$T$9=0,O22=""),"",IF(O22>=$G$2,O22+$T$9,O22+$R$9)) -> 2270 | T22: =IF(OR($R$9=0,$T$9=0,P22=""),"",IF(P22>=$G$2,P22+$T$9,P22+$R$9)) -> 311 | U22: =IF(OR($R$9=0,$T$9=0,Q22=""),"",IF(Q22>=$G$2,Q22+$T$9,Q22+$R$9)) -> 312 | V22: =IF(OR($V$9=0,$X$9=0,R22=""),"",IF(R22>=$G$2,R22+$X$9,R22+$V$9)) -> 2319 | W22: =IF(OR($V$9=0,$X$9=0,S22=""),"",IF(S22>=$G$2,S22+$X$9,S22+$V$9)) -> 2320 | X22: =IF(OR($V$9=0,$X$9=0,T22=""),"",IF(T22>=$G$2,T22+$X$9,T22+$V$9)) -> 381 | Y22: =IF(OR($V$9=0,$X$9=0,U22=""),"",IF(U22>=$G$2,U22+$X$9,U22+$V$9)) -> 382 | Z22: =IF(OR($Z$9=0,$AB$9=0,V22=""),"",IF(V22>=$G$2,V22+$AB$9,V22+$Z$9)) -> 2369 | AA22: =IF(OR($Z$9=0,$AB$9=0,W22=""),"",IF(W22>=$G$2,W22+$AB$9,W22+$Z$9)) -> 2370 | AB22: =IF(OR($Z$9=0,$AB$9=0,X22=""),"",IF(X22>=$G$2,X22+$AB$9,X22+$Z$9)) -> 451 | AC22: =IF(OR($Z$9=0,$AB$9=0,Y22=""),"",IF(Y22>=$G$2,Y22+$AB$9,Y22+$Z$9)) -> 452 | AD22: =IF(OR($AD$9=0,$AF$9=0,Z22=""),"",IF(Z22>=$G$2,Z22+$AF$9,Z22+$AD$9)) -> 3093 | AE22: =IF(OR($AD$9=0,$AF$9=0,AA22=""),"",IF(AA22>=$G$2,AA22+$AF$9,AA22+$AD$9)) -> 3094 | AF22: =IF(OR($AD$9=0,$AF$9=0,AB22=""),"",IF(AB22>=$G$2,AB22+$AF$9,AB22+$AD$9)) -> 1055 | AG22: =IF(OR($AD$9=0,$AF$9=0,AC22=""),"",IF(AC22>=$G$2,AC22+$AF$9,AC22+$AD$9)) -> 1056 | AH22: =IF(OR($AH$9=0,$AJ$9=0,AD22=""),"",IF(AD22>=$G$2,AD22+$AJ$9,AD22+$AH$9)) -> 3143 | AI22: =IF(OR($AH$9=0,$AJ$9=0,AE22=""),"",IF(AE22>=$G$2,AE22+$AJ$9,AE22+$AH$9)) -> 3144 | AJ22: =IF(OR($AH$9=0,$AJ$9=0,AF22=""),"",IF(AF22>=$G$2,AF22+$AJ$9,AF22+$AH$9)) -> 1125 | AK22: =IF(OR($AH$9=0,$AJ$9=0,AG22=""),"",IF(AG22>=$G$2,AG22+$AJ$9,AG22+$AH$9)) -> 1126 | AL22: =IF(OR($AL$9=0,$AN$9=0,AH22=""),"",IF(AH22>=$G$2,AH22+$AN$9,AH22+$AL$9)) -> 3193 | AM22: =IF(OR($AL$9=0,$AN$9=0,AI22=""),"",IF(AI22>=$G$2,AI22+$AN$9,AI22+$AL$9)) -> 3194 | AN22: =IF(OR($AL$9=0,$AN$9=0,AJ22=""),"",IF(AJ22>=$G$2,AJ22+$AN$9,AJ22+$AL$9)) -> 1195 | AO22: =IF(OR($AL$9=0,$AN$9=0,AK22=""),"",IF(AK22>=$G$2,AK22+$AN$9,AK22+$AL$9)) -> 1196 | AP22: =IF(OR($AP$9=0,$AR$9=0,AL22=""),"",IF(AL22>=$G$2,AL22+$AR$9,AL22+$AP$9)) -> 3243 | AQ22: =IF(OR($AP$9=0,$AR$9=0,AM22=""),"",IF(AM22>=$G$2,AM22+$AR$9,AM22+$AP$9)) -> 3244 | AR22: =IF(OR($AP$9=0,$AR$9=0,AN22=""),"",IF(AN22>=$G$2,AN22+$AR$9,AN22+$AP$9)) -> 1265 | AS22: =IF(OR($AP$9=0,$AR$9=0,AO22=""),"",IF(AO22>=$G$2,AO22+$AR$9,AO22+$AP$9)) -> 1266 | AT22: =IF(OR($AT$9=0,$AV$9=0,AP22=""),"",IF(AP22>=$G$2,AP22+$AV$9,AP22+$AT$9)) -> 3293 | AU22: =IF(OR($AT$9=0,$AV$9=0,AQ22=""),"",IF(AQ22>=$G$2,AQ22+$AV$9,AQ22+$AT$9)) -> 3294 | AV22: =IF(OR($AT$9=0,$AV$9=0,AR22=""),"",IF(AR22>=$G$2,AR22+$AV$9,AR22+$AT$9)) -> 1335 | AW22: =IF(OR($AT$9=0,$AV$9=0,AS22=""),"",IF(AS22>=$G$2,AS22+$AV$9,AS22+$AT$9)) -> 1336 | AX22: =IF(OR($AX$9=0,$AZ$9=0,AT22=""),"",IF(AT22>=$G$2,AT22+$AZ$9,AT22+$AX$9)) -> 3343 | AY22: =IF(OR($AX$9=0,$AZ$9=0,AU22=""),"",IF(AU22>=$G$2,AU22+$AZ$9,AU22+$AX$9)) -> 3344 | AZ22: =IF(OR($AX$9=0,$AZ$9=0,AV22=""),"",IF(AV22>=$G$2,AV22+$AZ$9,AV22+$AX$9)) -> 1405 | BA22: =IF(OR($AX$9=0,$AZ$9=0,AW22=""),"",IF(AW22>=$G$2,AW22+$AZ$9,AW22+$AX$9)) -> 1406 | BB22: =IF(OR($BB$9=0,$BD$9=0,AX22=""),"",IF(AX22>=$G$2,AX22+$BD$9,AX22+$BB$9)) -> 3393 | BC22: =IF(OR($BB$9=0,$BD$9=0,AY22=""),"",IF(AY22>=$G$2,AY22+$BD$9,AY22+$BB$9)) -> 3394 | BD22: =IF(OR($BB$9=0,$BD$9=0,AZ22=""),"",IF(AZ22>=$G$2,AZ22+$BD$9,AZ22+$BB$9)) -> 1475 | BE22: =IF(OR($BB$9=0,$BD$9=0,BA22=""),"",IF(BA22>=$G$2,BA22+$BD$9,BA22+$BB$9)) -> 1476 | BF22: =IF(OR($BF$9=0,$BH$9=0,BB22=""),"",IF(BB22>=$G$2,BB22+$BH$9,BB22+$BF$9)) | BG22: =IF(OR($BF$9=0,$BH$9=0,BC22=""),"",IF(BC22>=$G$2,BC22+$BH$9,BC22+$BF$9)) | BH22: =IF(OR($BF$9=0,$BH$9=0,BD22=""),"",IF(BD22>=$G$2,BD22+$BH$9,BD22+$BF$9)) | BI22: =IF(OR($BF$9=0,$BH$9=0,BE22=""),"",IF(BE22>=$G$2,BE22+$BH$9,BE22+$BF$9)) | BJ22: =IF(OR($BJ$9=0,$BL$9=0,BF22=""),"",IF(BF22>=$G$2,BF22+$BL$9,BF22+$BJ$9)) | BK22: =IF(OR($BJ$9=0,$BL$9=0,BG22=""),"",IF(BG22>=$G$2,BG22+$BL$9,BG22+$BJ$9)) | BL22: =IF(OR($BJ$9=0,$BL$9=0,BH22=""),"",IF(BH22>=$G$2,BH22+$BL$9,BH22+$BJ$9)) | BM22: =IF(OR($BJ$9=0,$BL$9=0,BI22=""),"",IF(BI22>=$G$2,BI22+$BL$9,BI22+$BJ$9)) | BN22: =IF(OR($BN$9=0,$BP$9=0,BJ22=""),"",IF(BJ22>=$G$2,BJ22+$BP$9,BJ22+$BN$9)) | BO22: =IF(OR($BN$9=0,$BP$9=0,BK22=""),"",IF(BK22>=$G$2,BK22+$BP$9,BK22+$BN$9)) | BP22: =IF(OR($BN$9=0,$BP$9=0,BL22=""),"",IF(BL22>=$G$2,BL22+$BP$9,BL22+$BN$9)) | BQ22: =IF(OR($BN$9=0,$BP$9=0,BM22=""),"",IF(BM22>=$G$2,BM22+$BP$9,BM22+$BN$9)) | BR22: =IF(OR($BR$9=0,$BT$9=0,BN22=""),"",IF(BN22>=$G$2,BN22+$BT$9,BN22+$BR$9)) | BS22: =IF(OR($BR$9=0,$BT$9=0,BO22=""),"",IF(BO22>=$G$2,BO22+$BT$9,BO22+$BR$9)) | BT22: =IF(OR($BR$9=0,$BT$9=0,BP22=""),"",IF(BP22>=$G$2,BP22+$BT$9,BP22+$BR$9)) | BU22: =IF(OR($BR$9=0,$BT$9=0,BQ22=""),"",IF(BQ22>=$G$2,BQ22+$BT$9,BQ22+$BR$9)) | BV22: =IF(OR($BV$9=0,$BX$9=0,BR22=""),"",IF(BR22>=$G$2,BR22+$BX$9,BR22+$BV$9)) | BW22: =IF(OR($BV$9=0,$BX$9=0,BS22=""),"",IF(BS22>=$G$2,BS22+$BX$9,BS22+$BV$9)) | BX22: =IF(OR($BV$9=0,$BX$9=0,BT22=""),"",IF(BT22>=$G$2,BT22+$BX$9,BT22+$BV$9)) | BY22: =IF(OR($BV$9=0,$BX$9=0,BU22=""),"",IF(BU22>=$G$2,BU22+$BX$9,BU22+$BV$9)) | BZ22: =IF(OR($BZ$9=0,$CB$9=0,BV22=""),"",IF(BV22>=$G$2,BV22+$CB$9,BV22+$BZ$9)) | CA22: =IF(OR($BZ$9=0,$CB$9=0,BW22=""),"",IF(BW22>=$G$2,BW22+$CB$9,BW22+$BZ$9)) | CB22: =IF(OR($BZ$9=0,$CB$9=0,BX22=""),"",IF(BX22>=$G$2,BX22+$CB$9,BX22+$BZ$9)) | CC22: =IF(OR($BZ$9=0,$CB$9=0,BY22=""),"",IF(BY22>=$G$2,BY22+$CB$9,BY22+$BZ$9)) | CD22: =IF(OR($CD$9=0,$CF$9=0,BZ22=""),"",IF(BZ22>=$G$2,BZ22+$CF$9,BZ22+$CD$9)) | CE22: =IF(OR($CD$9=0,$CF$9=0,CA22=""),"",IF(CA22>=$G$2,CA22+$CF$9,CA22+$CD$9)) | CF22: =IF(OR($CD$9=0,$CF$9=0,CB22=""),"",IF(CB22>=$G$2,CB22+$CF$9,CB22+$CD$9)) | CG22: =IF(OR($CD$9=0,$CF$9=0,CC22=""),"",IF(CC22>=$G$2,CC22+$CF$9,CC22+$CD$9)) | CH22: =IF(OR($CH$9=0,$CJ$9=0,CD22=""),"",IF(CD22>=$G$2,CD22+$CJ$9,CD22+$CH$9)) | CI22: =IF(OR($CH$9=0,$CJ$9=0,CE22=""),"",IF(CE22>=$G$2,CE22+$CJ$9,CE22+$CH$9)) | CJ22: =IF(OR($CH$9=0,$CJ$9=0,CF22=""),"",IF(CF22>=$G$2,CF22+$CJ$9,CF22+$CH$9)) | CK22: =IF(OR($CH$9=0,$CJ$9=0,CG22=""),"",IF(CG22>=$G$2,CG22+$CJ$9,CG22+$CH$9)) | CL22: =IF(OR($CL$9=0,$CN$9=0,CH22=""),"",IF(CH22>=$G$2,CH22+$CN$9,CH22+$CL$9)) | CM22: =IF(OR($CL$9=0,$CN$9=0,CI22=""),"",IF(CI22>=$G$2,CI22+$CN$9,CI22+$CL$9)) | CN22: =IF(OR($CL$9=0,$CN$9=0,CJ22=""),"",IF(CJ22>=$G$2,CJ22+$CN$9,CJ22+$CL$9)) | CO22: =IF(OR($CL$9=0,$CN$9=0,CK22=""),"",IF(CK22>=$G$2,CK22+$CN$9,CK22+$CL$9)) | CP22: =IF(OR($CP$9=0,$CR$9=0,CL22=""),"",IF(CL22>=$G$2,CL22+$CR$9,CL22+$CP$9)) | CQ22: =IF(OR($CP$9=0,$CR$9=0,CM22=""),"",IF(CM22>=$G$2,CM22+$CR$9,CM22+$CP$9)) | CR22: =IF(OR($CP$9=0,$CR$9=0,CN22=""),"",IF(CN22>=$G$2,CN22+$CR$9,CN22+$CP$9)) | CS22: =IF(OR($CP$9=0,$CR$9=0,CO22=""),"",IF(CO22>=$G$2,CO22+$CR$9,CO22+$CP$9)) | CT22: =IF(OR($CT$9=0,$CV$9=0,CP22=""),"",IF(CP22>=$G$2,CP22+$CV$9,CP22+$CT$9)) | CU22: =IF(OR($CT$9=0,$CV$9=0,CQ22=""),"",IF(CQ22>=$G$2,CQ22+$CV$9,CQ22+$CT$9)) | CV22: =IF(OR($CT$9=0,$CV$9=0,CR22=""),"",IF(CR22>=$G$2,CR22+$CV$9,CR22+$CT$9)) | CW22: =IF(OR($CT$9=0,$CV$9=0,CS22=""),"",IF(CS22>=$G$2,CS22+$CV$9,CS22+$CT$9)) | CX22: 2069 | CY22: 2070 | CZ22: 31 | DA22: 32 | DB22: 2119 | DC22: 2120 | DD22: 101 | DE22: 102 | DF22: 2169 | DG22: 2170 | DH22: 171 | DI22: 172 | DJ22: 2219 | DK22: 2220 | DL22: 241 | DM22: 242 | DN22: 2269 | DO22: 2270 | DP22: 311 | DQ22: 312 | DR22: 2319 | DS22: 2320 | DT22: 381 | DU22: 382 | DV22: 2369 | DW22: 2370 | DX22: 451 | DY22: 452 | DZ22: 3093 | EA22: 3094 | EB22: 1055 | EC22: 1056 | ED22: 3143 | EE22: 3144 | EF22: 1125 | EG22: 1126 | EH22: 3193 | EI22: 3194 | EJ22: 1195 | EK22: 1196 | EL22: 3243 | EM22: 3244 | EN22: 1265 | EO22: 1266 | EP22: 3293 | EQ22: 3294 | ER22: 1335 | ES22: 1336 | ET22: 3343 | EU22: 3344 | EV22: 1405 | EW22: 1406 | EX22: 3393 | EY22: 3394 | EZ22: 1475 | FA22: 1476
A23: =IF(B23="","",A22+1) -> 11 | B23: 2071 | C23: 2072 | D23: 21 | E23: 22 | F23: =IF(OR($F$9=0,$H$9=0,B23=""),"",IF(B23>=$G$2,B23+$H$9,B23+$F$9)) -> 2121 | G23: =IF(OR($F$9=0,$H$9=0,C23=""),"",IF(C23>=$G$2,C23+$H$9,C23+$F$9)) -> 2122 | H23: =IF(OR($F$9=0,$H$9=0,D23=""),"",IF(D23>=$G$2,D23+$H$9,D23+$F$9)) -> 91 | I23: =IF(OR($F$9=0,$H$9=0,E23=""),"",IF(E23>=$G$2,E23+$H$9,E23+$F$9)) -> 92 | J23: =IF(OR($J$9=0,$L$9=0,F23=""),"",IF(F23>=$G$2,F23+$L$9,F23+$J$9)) -> 2171 | K23: =IF(OR($J$9=0,$L$9=0,G23=""),"",IF(G23>=$G$2,G23+$L$9,G23+$J$9)) -> 2172 | L23: =IF(OR($J$9=0,$L$9=0,H23=""),"",IF(H23>=$G$2,H23+$L$9,H23+$J$9)) -> 161 | M23: =IF(OR($J$9=0,$L$9=0,I23=""),"",IF(I23>=$G$2,I23+$L$9,I23+$J$9)) -> 162 | N23: =IF(OR($N$9=0,$P$9=0,J23=""),"",IF(J23>=$G$2,J23+$P$9,J23+$N$9)) -> 2221 | O23: =IF(OR($N$9=0,$P$9=0,K23=""),"",IF(K23>=$G$2,K23+$P$9,K23+$N$9)) -> 2222 | P23: =IF(OR($N$9=0,$P$9=0,L23=""),"",IF(L23>=$G$2,L23+$P$9,L23+$N$9)) -> 231 | Q23: =IF(OR($N$9=0,$P$9=0,M23=""),"",IF(M23>=$G$2,M23+$P$9,M23+$N$9)) -> 232 | R23: =IF(OR($R$9=0,$T$9=0,N23=""),"",IF(N23>=$G$2,N23+$T$9,N23+$R$9)) -> 2271 | S23: =IF(OR($R$9=0,$T$9=0,O23=""),"",IF(O23>=$G$2,O23+$T$9,O23+$R$9)) -> 2272 | T23: =IF(OR($R$9=0,$T$9=0,P23=""),"",IF(P23>=$G$2,P23+$T$9,P23+$R$9)) -> 301 | U23: =IF(OR($R$9=0,$T$9=0,Q23=""),"",IF(Q23>=$G$2,Q23+$T$9,Q23+$R$9)) -> 302 | V23: =IF(OR($V$9=0,$X$9=0,R23=""),"",IF(R23>=$G$2,R23+$X$9,R23+$V$9)) -> 2321 | W23: =IF(OR($V$9=0,$X$9=0,S23=""),"",IF(S23>=$G$2,S23+$X$9,S23+$V$9)) -> 2322 | X23: =IF(OR($V$9=0,$X$9=0,T23=""),"",IF(T23>=$G$2,T23+$X$9,T23+$V$9)) -> 371 | Y23: =IF(OR($V$9=0,$X$9=0,U23=""),"",IF(U23>=$G$2,U23+$X$9,U23+$V$9)) -> 372 | Z23: =IF(OR($Z$9=0,$AB$9=0,V23=""),"",IF(V23>=$G$2,V23+$AB$9,V23+$Z$9)) -> 2371 | AA23: =IF(OR($Z$9=0,$AB$9=0,W23=""),"",IF(W23>=$G$2,W23+$AB$9,W23+$Z$9)) -> 2372 | AB23: =IF(OR($Z$9=0,$AB$9=0,X23=""),"",IF(X23>=$G$2,X23+$AB$9,X23+$Z$9)) -> 441 | AC23: =IF(OR($Z$9=0,$AB$9=0,Y23=""),"",IF(Y23>=$G$2,Y23+$AB$9,Y23+$Z$9)) -> 442 | AD23: =IF(OR($AD$9=0,$AF$9=0,Z23=""),"",IF(Z23>=$G$2,Z23+$AF$9,Z23+$AD$9)) -> 3095 | AE23: =IF(OR($AD$9=0,$AF$9=0,AA23=""),"",IF(AA23>=$G$2,AA23+$AF$9,AA23+$AD$9)) -> 3096 | AF23: =IF(OR($AD$9=0,$AF$9=0,AB23=""),"",IF(AB23>=$G$2,AB23+$AF$9,AB23+$AD$9)) -> 1045 | AG23: =IF(OR($AD$9=0,$AF$9=0,AC23=""),"",IF(AC23>=$G$2,AC23+$AF$9,AC23+$AD$9)) -> 1046 | AH23: =IF(OR($AH$9=0,$AJ$9=0,AD23=""),"",IF(AD23>=$G$2,AD23+$AJ$9,AD23+$AH$9)) -> 3145 | AI23: =IF(OR($AH$9=0,$AJ$9=0,AE23=""),"",IF(AE23>=$G$2,AE23+$AJ$9,AE23+$AH$9)) -> 3146 | AJ23: =IF(OR($AH$9=0,$AJ$9=0,AF23=""),"",IF(AF23>=$G$2,AF23+$AJ$9,AF23+$AH$9)) -> 1115 | AK23: =IF(OR($AH$9=0,$AJ$9=0,AG23=""),"",IF(AG23>=$G$2,AG23+$AJ$9,AG23+$AH$9)) -> 1116 | AL23: =IF(OR($AL$9=0,$AN$9=0,AH23=""),"",IF(AH23>=$G$2,AH23+$AN$9,AH23+$AL$9)) -> 3195 | AM23: =IF(OR($AL$9=0,$AN$9=0,AI23=""),"",IF(AI23>=$G$2,AI23+$AN$9,AI23+$AL$9)) -> 3196 | AN23: =IF(OR($AL$9=0,$AN$9=0,AJ23=""),"",IF(AJ23>=$G$2,AJ23+$AN$9,AJ23+$AL$9)) -> 1185 | AO23: =IF(OR($AL$9=0,$AN$9=0,AK23=""),"",IF(AK23>=$G$2,AK23+$AN$9,AK23+$AL$9)) -> 1186 | AP23: =IF(OR($AP$9=0,$AR$9=0,AL23=""),"",IF(AL23>=$G$2,AL23+$AR$9,AL23+$AP$9)) -> 3245 | AQ23: =IF(OR($AP$9=0,$AR$9=0,AM23=""),"",IF(AM23>=$G$2,AM23+$AR$9,AM23+$AP$9)) -> 3246 | AR23: =IF(OR($AP$9=0,$AR$9=0,AN23=""),"",IF(AN23>=$G$2,AN23+$AR$9,AN23+$AP$9)) -> 1255 | AS23: =IF(OR($AP$9=0,$AR$9=0,AO23=""),"",IF(AO23>=$G$2,AO23+$AR$9,AO23+$AP$9)) -> 1256 | AT23: =IF(OR($AT$9=0,$AV$9=0,AP23=""),"",IF(AP23>=$G$2,AP23+$AV$9,AP23+$AT$9)) -> 3295 | AU23: =IF(OR($AT$9=0,$AV$9=0,AQ23=""),"",IF(AQ23>=$G$2,AQ23+$AV$9,AQ23+$AT$9)) -> 3296 | AV23: =IF(OR($AT$9=0,$AV$9=0,AR23=""),"",IF(AR23>=$G$2,AR23+$AV$9,AR23+$AT$9)) -> 1325 | AW23: =IF(OR($AT$9=0,$AV$9=0,AS23=""),"",IF(AS23>=$G$2,AS23+$AV$9,AS23+$AT$9)) -> 1326 | AX23: =IF(OR($AX$9=0,$AZ$9=0,AT23=""),"",IF(AT23>=$G$2,AT23+$AZ$9,AT23+$AX$9)) -> 3345 | AY23: =IF(OR($AX$9=0,$AZ$9=0,AU23=""),"",IF(AU23>=$G$2,AU23+$AZ$9,AU23+$AX$9)) -> 3346 | AZ23: =IF(OR($AX$9=0,$AZ$9=0,AV23=""),"",IF(AV23>=$G$2,AV23+$AZ$9,AV23+$AX$9)) -> 1395 | BA23: =IF(OR($AX$9=0,$AZ$9=0,AW23=""),"",IF(AW23>=$G$2,AW23+$AZ$9,AW23+$AX$9)) -> 1396 | BB23: =IF(OR($BB$9=0,$BD$9=0,AX23=""),"",IF(AX23>=$G$2,AX23+$BD$9,AX23+$BB$9)) -> 3395 | BC23: =IF(OR($BB$9=0,$BD$9=0,AY23=""),"",IF(AY23>=$G$2,AY23+$BD$9,AY23+$BB$9)) -> 3396 | BD23: =IF(OR($BB$9=0,$BD$9=0,AZ23=""),"",IF(AZ23>=$G$2,AZ23+$BD$9,AZ23+$BB$9)) -> 1465 | BE23: =IF(OR($BB$9=0,$BD$9=0,BA23=""),"",IF(BA23>=$G$2,BA23+$BD$9,BA23+$BB$9)) -> 1466 | BF23: =IF(OR($BF$9=0,$BH$9=0,BB23=""),"",IF(BB23>=$G$2,BB23+$BH$9,BB23+$BF$9)) | BG23: =IF(OR($BF$9=0,$BH$9=0,BC23=""),"",IF(BC23>=$G$2,BC23+$BH$9,BC23+$BF$9)) | BH23: =IF(OR($BF$9=0,$BH$9=0,BD23=""),"",IF(BD23>=$G$2,BD23+$BH$9,BD23+$BF$9)) | BI23: =IF(OR($BF$9=0,$BH$9=0,BE23=""),"",IF(BE23>=$G$2,BE23+$BH$9,BE23+$BF$9)) | BJ23: =IF(OR($BJ$9=0,$BL$9=0,BF23=""),"",IF(BF23>=$G$2,BF23+$BL$9,BF23+$BJ$9)) | BK23: =IF(OR($BJ$9=0,$BL$9=0,BG23=""),"",IF(BG23>=$G$2,BG23+$BL$9,BG23+$BJ$9)) | BL23: =IF(OR($BJ$9=0,$BL$9=0,BH23=""),"",IF(BH23>=$G$2,BH23+$BL$9,BH23+$BJ$9)) | BM23: =IF(OR($BJ$9=0,$BL$9=0,BI23=""),"",IF(BI23>=$G$2,BI23+$BL$9,BI23+$BJ$9)) | BN23: =IF(OR($BN$9=0,$BP$9=0,BJ23=""),"",IF(BJ23>=$G$2,BJ23+$BP$9,BJ23+$BN$9)) | BO23: =IF(OR($BN$9=0,$BP$9=0,BK23=""),"",IF(BK23>=$G$2,BK23+$BP$9,BK23+$BN$9)) | BP23: =IF(OR($BN$9=0,$BP$9=0,BL23=""),"",IF(BL23>=$G$2,BL23+$BP$9,BL23+$BN$9)) | BQ23: =IF(OR($BN$9=0,$BP$9=0,BM23=""),"",IF(BM23>=$G$2,BM23+$BP$9,BM23+$BN$9)) | BR23: =IF(OR($BR$9=0,$BT$9=0,BN23=""),"",IF(BN23>=$G$2,BN23+$BT$9,BN23+$BR$9)) | BS23: =IF(OR($BR$9=0,$BT$9=0,BO23=""),"",IF(BO23>=$G$2,BO23+$BT$9,BO23+$BR$9)) | BT23: =IF(OR($BR$9=0,$BT$9=0,BP23=""),"",IF(BP23>=$G$2,BP23+$BT$9,BP23+$BR$9)) | BU23: =IF(OR($BR$9=0,$BT$9=0,BQ23=""),"",IF(BQ23>=$G$2,BQ23+$BT$9,BQ23+$BR$9)) | BV23: =IF(OR($BV$9=0,$BX$9=0,BR23=""),"",IF(BR23>=$G$2,BR23+$BX$9,BR23+$BV$9)) | BW23: =IF(OR($BV$9=0,$BX$9=0,BS23=""),"",IF(BS23>=$G$2,BS23+$BX$9,BS23+$BV$9)) | BX23: =IF(OR($BV$9=0,$BX$9=0,BT23=""),"",IF(BT23>=$G$2,BT23+$BX$9,BT23+$BV$9)) | BY23: =IF(OR($BV$9=0,$BX$9=0,BU23=""),"",IF(BU23>=$G$2,BU23+$BX$9,BU23+$BV$9)) | BZ23: =IF(OR($BZ$9=0,$CB$9=0,BV23=""),"",IF(BV23>=$G$2,BV23+$CB$9,BV23+$BZ$9)) | CA23: =IF(OR($BZ$9=0,$CB$9=0,BW23=""),"",IF(BW23>=$G$2,BW23+$CB$9,BW23+$BZ$9)) | CB23: =IF(OR($BZ$9=0,$CB$9=0,BX23=""),"",IF(BX23>=$G$2,BX23+$CB$9,BX23+$BZ$9)) | CC23: =IF(OR($BZ$9=0,$CB$9=0,BY23=""),"",IF(BY23>=$G$2,BY23+$CB$9,BY23+$BZ$9)) | CD23: =IF(OR($CD$9=0,$CF$9=0,BZ23=""),"",IF(BZ23>=$G$2,BZ23+$CF$9,BZ23+$CD$9)) | CE23: =IF(OR($CD$9=0,$CF$9=0,CA23=""),"",IF(CA23>=$G$2,CA23+$CF$9,CA23+$CD$9)) | CF23: =IF(OR($CD$9=0,$CF$9=0,CB23=""),"",IF(CB23>=$G$2,CB23+$CF$9,CB23+$CD$9)) | CG23: =IF(OR($CD$9=0,$CF$9=0,CC23=""),"",IF(CC23>=$G$2,CC23+$CF$9,CC23+$CD$9)) | CH23: =IF(OR($CH$9=0,$CJ$9=0,CD23=""),"",IF(CD23>=$G$2,CD23+$CJ$9,CD23+$CH$9)) | CI23: =IF(OR($CH$9=0,$CJ$9=0,CE23=""),"",IF(CE23>=$G$2,CE23+$CJ$9,CE23+$CH$9)) | CJ23: =IF(OR($CH$9=0,$CJ$9=0,CF23=""),"",IF(CF23>=$G$2,CF23+$CJ$9,CF23+$CH$9)) | CK23: =IF(OR($CH$9=0,$CJ$9=0,CG23=""),"",IF(CG23>=$G$2,CG23+$CJ$9,CG23+$CH$9)) | CL23: =IF(OR($CL$9=0,$CN$9=0,CH23=""),"",IF(CH23>=$G$2,CH23+$CN$9,CH23+$CL$9)) | CM23: =IF(OR($CL$9=0,$CN$9=0,CI23=""),"",IF(CI23>=$G$2,CI23+$CN$9,CI23+$CL$9)) | CN23: =IF(OR($CL$9=0,$CN$9=0,CJ23=""),"",IF(CJ23>=$G$2,CJ23+$CN$9,CJ23+$CL$9)) | CO23: =IF(OR($CL$9=0,$CN$9=0,CK23=""),"",IF(CK23>=$G$2,CK23+$CN$9,CK23+$CL$9)) | CP23: =IF(OR($CP$9=0,$CR$9=0,CL23=""),"",IF(CL23>=$G$2,CL23+$CR$9,CL23+$CP$9)) | CQ23: =IF(OR($CP$9=0,$CR$9=0,CM23=""),"",IF(CM23>=$G$2,CM23+$CR$9,CM23+$CP$9)) | CR23: =IF(OR($CP$9=0,$CR$9=0,CN23=""),"",IF(CN23>=$G$2,CN23+$CR$9,CN23+$CP$9)) | CS23: =IF(OR($CP$9=0,$CR$9=0,CO23=""),"",IF(CO23>=$G$2,CO23+$CR$9,CO23+$CP$9)) | CT23: =IF(OR($CT$9=0,$CV$9=0,CP23=""),"",IF(CP23>=$G$2,CP23+$CV$9,CP23+$CT$9)) | CU23: =IF(OR($CT$9=0,$CV$9=0,CQ23=""),"",IF(CQ23>=$G$2,CQ23+$CV$9,CQ23+$CT$9)) | CV23: =IF(OR($CT$9=0,$CV$9=0,CR23=""),"",IF(CR23>=$G$2,CR23+$CV$9,CR23+$CT$9)) | CW23: =IF(OR($CT$9=0,$CV$9=0,CS23=""),"",IF(CS23>=$G$2,CS23+$CV$9,CS23+$CT$9)) | CX23: 2071 | CY23: 2072 | CZ23: 21 | DA23: 22 | DB23: 2121 | DC23: 2122 | DD23: 91 | DE23: 92 | DF23: 2171 | DG23: 2172 | DH23: 161 | DI23: 162 | DJ23: 2221 | DK23: 2222 | DL23: 231 | DM23: 232 | DN23: 2271 | DO23: 2272 | DP23: 301 | DQ23: 302 | DR23: 2321 | DS23: 2322 | DT23: 371 | DU23: 372 | DV23: 2371 | DW23: 2372 | DX23: 441 | DY23: 442 | DZ23: 3095 | EA23: 3096 | EB23: 1045 | EC23: 1046 | ED23: 3145 | EE23: 3146 | EF23: 1115 | EG23: 1116 | EH23: 3195 | EI23: 3196 | EJ23: 1185 | EK23: 1186 | EL23: 3245 | EM23: 3246 | EN23: 1255 | EO23: 1256 | EP23: 3295 | EQ23: 3296 | ER23: 1325 | ES23: 1326 | ET23: 3345 | EU23: 3346 | EV23: 1395 | EW23: 1396 | EX23: 3395 | EY23: 3396 | EZ23: 1465 | FA23: 1466
A24: =IF(B24="","",A23+1) -> 12 | B24: 2073 | C24: 2074 | D24: 5 | E24: 6 | F24: =IF(OR($F$9=0,$H$9=0,B24=""),"",IF(B24>=$G$2,B24+$H$9,B24+$F$9)) -> 2123 | G24: =IF(OR($F$9=0,$H$9=0,C24=""),"",IF(C24>=$G$2,C24+$H$9,C24+$F$9)) -> 2124 | H24: =IF(OR($F$9=0,$H$9=0,D24=""),"",IF(D24>=$G$2,D24+$H$9,D24+$F$9)) -> 75 | I24: =IF(OR($F$9=0,$H$9=0,E24=""),"",IF(E24>=$G$2,E24+$H$9,E24+$F$9)) -> 76 | J24: =IF(OR($J$9=0,$L$9=0,F24=""),"",IF(F24>=$G$2,F24+$L$9,F24+$J$9)) -> 2173 | K24: =IF(OR($J$9=0,$L$9=0,G24=""),"",IF(G24>=$G$2,G24+$L$9,G24+$J$9)) -> 2174 | L24: =IF(OR($J$9=0,$L$9=0,H24=""),"",IF(H24>=$G$2,H24+$L$9,H24+$J$9)) -> 145 | M24: =IF(OR($J$9=0,$L$9=0,I24=""),"",IF(I24>=$G$2,I24+$L$9,I24+$J$9)) -> 146 | N24: =IF(OR($N$9=0,$P$9=0,J24=""),"",IF(J24>=$G$2,J24+$P$9,J24+$N$9)) -> 2223 | O24: =IF(OR($N$9=0,$P$9=0,K24=""),"",IF(K24>=$G$2,K24+$P$9,K24+$N$9)) -> 2224 | P24: =IF(OR($N$9=0,$P$9=0,L24=""),"",IF(L24>=$G$2,L24+$P$9,L24+$N$9)) -> 215 | Q24: =IF(OR($N$9=0,$P$9=0,M24=""),"",IF(M24>=$G$2,M24+$P$9,M24+$N$9)) -> 216 | R24: =IF(OR($R$9=0,$T$9=0,N24=""),"",IF(N24>=$G$2,N24+$T$9,N24+$R$9)) -> 2273 | S24: =IF(OR($R$9=0,$T$9=0,O24=""),"",IF(O24>=$G$2,O24+$T$9,O24+$R$9)) -> 2274 | T24: =IF(OR($R$9=0,$T$9=0,P24=""),"",IF(P24>=$G$2,P24+$T$9,P24+$R$9)) -> 285 | U24: =IF(OR($R$9=0,$T$9=0,Q24=""),"",IF(Q24>=$G$2,Q24+$T$9,Q24+$R$9)) -> 286 | V24: =IF(OR($V$9=0,$X$9=0,R24=""),"",IF(R24>=$G$2,R24+$X$9,R24+$V$9)) -> 2323 | W24: =IF(OR($V$9=0,$X$9=0,S24=""),"",IF(S24>=$G$2,S24+$X$9,S24+$V$9)) -> 2324 | X24: =IF(OR($V$9=0,$X$9=0,T24=""),"",IF(T24>=$G$2,T24+$X$9,T24+$V$9)) -> 355 | Y24: =IF(OR($V$9=0,$X$9=0,U24=""),"",IF(U24>=$G$2,U24+$X$9,U24+$V$9)) -> 356 | Z24: =IF(OR($Z$9=0,$AB$9=0,V24=""),"",IF(V24>=$G$2,V24+$AB$9,V24+$Z$9)) -> 2373 | AA24: =IF(OR($Z$9=0,$AB$9=0,W24=""),"",IF(W24>=$G$2,W24+$AB$9,W24+$Z$9)) -> 2374 | AB24: =IF(OR($Z$9=0,$AB$9=0,X24=""),"",IF(X24>=$G$2,X24+$AB$9,X24+$Z$9)) -> 425 | AC24: =IF(OR($Z$9=0,$AB$9=0,Y24=""),"",IF(Y24>=$G$2,Y24+$AB$9,Y24+$Z$9)) -> 426 | AD24: =IF(OR($AD$9=0,$AF$9=0,Z24=""),"",IF(Z24>=$G$2,Z24+$AF$9,Z24+$AD$9)) -> 3097 | AE24: =IF(OR($AD$9=0,$AF$9=0,AA24=""),"",IF(AA24>=$G$2,AA24+$AF$9,AA24+$AD$9)) -> 3098 | AF24: =IF(OR($AD$9=0,$AF$9=0,AB24=""),"",IF(AB24>=$G$2,AB24+$AF$9,AB24+$AD$9)) -> 1029 | AG24: =IF(OR($AD$9=0,$AF$9=0,AC24=""),"",IF(AC24>=$G$2,AC24+$AF$9,AC24+$AD$9)) -> 1030 | AH24: =IF(OR($AH$9=0,$AJ$9=0,AD24=""),"",IF(AD24>=$G$2,AD24+$AJ$9,AD24+$AH$9)) -> 3147 | AI24: =IF(OR($AH$9=0,$AJ$9=0,AE24=""),"",IF(AE24>=$G$2,AE24+$AJ$9,AE24+$AH$9)) -> 3148 | AJ24: =IF(OR($AH$9=0,$AJ$9=0,AF24=""),"",IF(AF24>=$G$2,AF24+$AJ$9,AF24+$AH$9)) -> 1099 | AK24: =IF(OR($AH$9=0,$AJ$9=0,AG24=""),"",IF(AG24>=$G$2,AG24+$AJ$9,AG24+$AH$9)) -> 1100 | AL24: =IF(OR($AL$9=0,$AN$9=0,AH24=""),"",IF(AH24>=$G$2,AH24+$AN$9,AH24+$AL$9)) -> 3197 | AM24: =IF(OR($AL$9=0,$AN$9=0,AI24=""),"",IF(AI24>=$G$2,AI24+$AN$9,AI24+$AL$9)) -> 3198 | AN24: =IF(OR($AL$9=0,$AN$9=0,AJ24=""),"",IF(AJ24>=$G$2,AJ24+$AN$9,AJ24+$AL$9)) -> 1169 | AO24: =IF(OR($AL$9=0,$AN$9=0,AK24=""),"",IF(AK24>=$G$2,AK24+$AN$9,AK24+$AL$9)) -> 1170 | AP24: =IF(OR($AP$9=0,$AR$9=0,AL24=""),"",IF(AL24>=$G$2,AL24+$AR$9,AL24+$AP$9)) -> 3247 | AQ24: =IF(OR($AP$9=0,$AR$9=0,AM24=""),"",IF(AM24>=$G$2,AM24+$AR$9,AM24+$AP$9)) -> 3248 | AR24: =IF(OR($AP$9=0,$AR$9=0,AN24=""),"",IF(AN24>=$G$2,AN24+$AR$9,AN24+$AP$9)) -> 1239 | AS24: =IF(OR($AP$9=0,$AR$9=0,AO24=""),"",IF(AO24>=$G$2,AO24+$AR$9,AO24+$AP$9)) -> 1240 | AT24: =IF(OR($AT$9=0,$AV$9=0,AP24=""),"",IF(AP24>=$G$2,AP24+$AV$9,AP24+$AT$9)) -> 3297 | AU24: =IF(OR($AT$9=0,$AV$9=0,AQ24=""),"",IF(AQ24>=$G$2,AQ24+$AV$9,AQ24+$AT$9)) -> 3298 | AV24: =IF(OR($AT$9=0,$AV$9=0,AR24=""),"",IF(AR24>=$G$2,AR24+$AV$9,AR24+$AT$9)) -> 1309 | AW24: =IF(OR($AT$9=0,$AV$9=0,AS24=""),"",IF(AS24>=$G$2,AS24+$AV$9,AS24+$AT$9)) -> 1310 | AX24: =IF(OR($AX$9=0,$AZ$9=0,AT24=""),"",IF(AT24>=$G$2,AT24+$AZ$9,AT24+$AX$9)) -> 3347 | AY24: =IF(OR($AX$9=0,$AZ$9=0,AU24=""),"",IF(AU24>=$G$2,AU24+$AZ$9,AU24+$AX$9)) -> 3348 | AZ24: =IF(OR($AX$9=0,$AZ$9=0,AV24=""),"",IF(AV24>=$G$2,AV24+$AZ$9,AV24+$AX$9)) -> 1379 | BA24: =IF(OR($AX$9=0,$AZ$9=0,AW24=""),"",IF(AW24>=$G$2,AW24+$AZ$9,AW24+$AX$9)) -> 1380 | BB24: =IF(OR($BB$9=0,$BD$9=0,AX24=""),"",IF(AX24>=$G$2,AX24+$BD$9,AX24+$BB$9)) -> 3397 | BC24: =IF(OR($BB$9=0,$BD$9=0,AY24=""),"",IF(AY24>=$G$2,AY24+$BD$9,AY24+$BB$9)) -> 3398 | BD24: =IF(OR($BB$9=0,$BD$9=0,AZ24=""),"",IF(AZ24>=$G$2,AZ24+$BD$9,AZ24+$BB$9)) -> 1449 | BE24: =IF(OR($BB$9=0,$BD$9=0,BA24=""),"",IF(BA24>=$G$2,BA24+$BD$9,BA24+$BB$9)) -> 1450 | BF24: =IF(OR($BF$9=0,$BH$9=0,BB24=""),"",IF(BB24>=$G$2,BB24+$BH$9,BB24+$BF$9)) | BG24: =IF(OR($BF$9=0,$BH$9=0,BC24=""),"",IF(BC24>=$G$2,BC24+$BH$9,BC24+$BF$9)) | BH24: =IF(OR($BF$9=0,$BH$9=0,BD24=""),"",IF(BD24>=$G$2,BD24+$BH$9,BD24+$BF$9)) | BI24: =IF(OR($BF$9=0,$BH$9=0,BE24=""),"",IF(BE24>=$G$2,BE24+$BH$9,BE24+$BF$9)) | BJ24: =IF(OR($BJ$9=0,$BL$9=0,BF24=""),"",IF(BF24>=$G$2,BF24+$BL$9,BF24+$BJ$9)) | BK24: =IF(OR($BJ$9=0,$BL$9=0,BG24=""),"",IF(BG24>=$G$2,BG24+$BL$9,BG24+$BJ$9)) | BL24: =IF(OR($BJ$9=0,$BL$9=0,BH24=""),"",IF(BH24>=$G$2,BH24+$BL$9,BH24+$BJ$9)) | BM24: =IF(OR($BJ$9=0,$BL$9=0,BI24=""),"",IF(BI24>=$G$2,BI24+$BL$9,BI24+$BJ$9)) | BN24: =IF(OR($BN$9=0,$BP$9=0,BJ24=""),"",IF(BJ24>=$G$2,BJ24+$BP$9,BJ24+$BN$9)) | BO24: =IF(OR($BN$9=0,$BP$9=0,BK24=""),"",IF(BK24>=$G$2,BK24+$BP$9,BK24+$BN$9)) | BP24: =IF(OR($BN$9=0,$BP$9=0,BL24=""),"",IF(BL24>=$G$2,BL24+$BP$9,BL24+$BN$9)) | BQ24: =IF(OR($BN$9=0,$BP$9=0,BM24=""),"",IF(BM24>=$G$2,BM24+$BP$9,BM24+$BN$9)) | BR24: =IF(OR($BR$9=0,$BT$9=0,BN24=""),"",IF(BN24>=$G$2,BN24+$BT$9,BN24+$BR$9)) | BS24: =IF(OR($BR$9=0,$BT$9=0,BO24=""),"",IF(BO24>=$G$2,BO24+$BT$9,BO24+$BR$9)) | BT24: =IF(OR($BR$9=0,$BT$9=0,BP24=""),"",IF(BP24>=$G$2,BP24+$BT$9,BP24+$BR$9)) | BU24: =IF(OR($BR$9=0,$BT$9=0,BQ24=""),"",IF(BQ24>=$G$2,BQ24+$BT$9,BQ24+$BR$9)) | BV24: =IF(OR($BV$9=0,$BX$9=0,BR24=""),"",IF(BR24>=$G$2,BR24+$BX$9,BR24+$BV$9)) | BW24: =IF(OR($BV$9=0,$BX$9=0,BS24=""),"",IF(BS24>=$G$2,BS24+$BX$9,BS24+$BV$9)) | BX24: =IF(OR($BV$9=0,$BX$9=0,BT24=""),"",IF(BT24>=$G$2,BT24+$BX$9,BT24+$BV$9)) | BY24: =IF(OR($BV$9=0,$BX$9=0,BU24=""),"",IF(BU24>=$G$2,BU24+$BX$9,BU24+$BV$9)) | BZ24: =IF(OR($BZ$9=0,$CB$9=0,BV24=""),"",IF(BV24>=$G$2,BV24+$CB$9,BV24+$BZ$9)) | CA24: =IF(OR($BZ$9=0,$CB$9=0,BW24=""),"",IF(BW24>=$G$2,BW24+$CB$9,BW24+$BZ$9)) | CB24: =IF(OR($BZ$9=0,$CB$9=0,BX24=""),"",IF(BX24>=$G$2,BX24+$CB$9,BX24+$BZ$9)) | CC24: =IF(OR($BZ$9=0,$CB$9=0,BY24=""),"",IF(BY24>=$G$2,BY24+$CB$9,BY24+$BZ$9)) | CD24: =IF(OR($CD$9=0,$CF$9=0,BZ24=""),"",IF(BZ24>=$G$2,BZ24+$CF$9,BZ24+$CD$9)) | CE24: =IF(OR($CD$9=0,$CF$9=0,CA24=""),"",IF(CA24>=$G$2,CA24+$CF$9,CA24+$CD$9)) | CF24: =IF(OR($CD$9=0,$CF$9=0,CB24=""),"",IF(CB24>=$G$2,CB24+$CF$9,CB24+$CD$9)) | CG24: =IF(OR($CD$9=0,$CF$9=0,CC24=""),"",IF(CC24>=$G$2,CC24+$CF$9,CC24+$CD$9)) | CH24: =IF(OR($CH$9=0,$CJ$9=0,CD24=""),"",IF(CD24>=$G$2,CD24+$CJ$9,CD24+$CH$9)) | CI24: =IF(OR($CH$9=0,$CJ$9=0,CE24=""),"",IF(CE24>=$G$2,CE24+$CJ$9,CE24+$CH$9)) | CJ24: =IF(OR($CH$9=0,$CJ$9=0,CF24=""),"",IF(CF24>=$G$2,CF24+$CJ$9,CF24+$CH$9)) | CK24: =IF(OR($CH$9=0,$CJ$9=0,CG24=""),"",IF(CG24>=$G$2,CG24+$CJ$9,CG24+$CH$9)) | CL24: =IF(OR($CL$9=0,$CN$9=0,CH24=""),"",IF(CH24>=$G$2,CH24+$CN$9,CH24+$CL$9)) | CM24: =IF(OR($CL$9=0,$CN$9=0,CI24=""),"",IF(CI24>=$G$2,CI24+$CN$9,CI24+$CL$9)) | CN24: =IF(OR($CL$9=0,$CN$9=0,CJ24=""),"",IF(CJ24>=$G$2,CJ24+$CN$9,CJ24+$CL$9)) | CO24: =IF(OR($CL$9=0,$CN$9=0,CK24=""),"",IF(CK24>=$G$2,CK24+$CN$9,CK24+$CL$9)) | CP24: =IF(OR($CP$9=0,$CR$9=0,CL24=""),"",IF(CL24>=$G$2,CL24+$CR$9,CL24+$CP$9)) | CQ24: =IF(OR($CP$9=0,$CR$9=0,CM24=""),"",IF(CM24>=$G$2,CM24+$CR$9,CM24+$CP$9)) | CR24: =IF(OR($CP$9=0,$CR$9=0,CN24=""),"",IF(CN24>=$G$2,CN24+$CR$9,CN24+$CP$9)) | CS24: =IF(OR($CP$9=0,$CR$9=0,CO24=""),"",IF(CO24>=$G$2,CO24+$CR$9,CO24+$CP$9)) | CT24: =IF(OR($CT$9=0,$CV$9=0,CP24=""),"",IF(CP24>=$G$2,CP24+$CV$9,CP24+$CT$9)) | CU24: =IF(OR($CT$9=0,$CV$9=0,CQ24=""),"",IF(CQ24>=$G$2,CQ24+$CV$9,CQ24+$CT$9)) | CV24: =IF(OR($CT$9=0,$CV$9=0,CR24=""),"",IF(CR24>=$G$2,CR24+$CV$9,CR24+$CT$9)) | CW24: =IF(OR($CT$9=0,$CV$9=0,CS24=""),"",IF(CS24>=$G$2,CS24+$CV$9,CS24+$CT$9)) | CX24: 2073 | CY24: 2074 | CZ24: 5 | DA24: 6 | DB24: 2123 | DC24: 2124 | DD24: 75 | DE24: 76 | DF24: 2173 | DG24: 2174 | DH24: 145 | DI24: 146 | DJ24: 2223 | DK24: 2224 | DL24: 215 | DM24: 216 | DN24: 2273 | DO24: 2274 | DP24: 285 | DQ24: 286 | DR24: 2323 | DS24: 2324 | DT24: 355 | DU24: 356 | DV24: 2373 | DW24: 2374 | DX24: 425 | DY24: 426 | DZ24: 3097 | EA24: 3098 | EB24: 1029 | EC24: 1030 | ED24: 3147 | EE24: 3148 | EF24: 1099 | EG24: 1100 | EH24: 3197 | EI24: 3198 | EJ24: 1169 | EK24: 1170 | EL24: 3247 | EM24: 3248 | EN24: 1239 | EO24: 1240 | EP24: 3297 | EQ24: 3298 | ER24: 1309 | ES24: 1310 | ET24: 3347 | EU24: 3348 | EV24: 1379 | EW24: 1380 | EX24: 3397 | EY24: 3398 | EZ24: 1449 | FA24: 1450
A25: =IF(B25="","",A24+1) -> 13 | B25: 2075 | C25: 2076 | D25: 19 | E25: 20 | F25: =IF(OR($F$9=0,$H$9=0,B25=""),"",IF(B25>=$G$2,B25+$H$9,B25+$F$9)) -> 2125 | G25: =IF(OR($F$9=0,$H$9=0,C25=""),"",IF(C25>=$G$2,C25+$H$9,C25+$F$9)) -> 2126 | H25: =IF(OR($F$9=0,$H$9=0,D25=""),"",IF(D25>=$G$2,D25+$H$9,D25+$F$9)) -> 89 | I25: =IF(OR($F$9=0,$H$9=0,E25=""),"",IF(E25>=$G$2,E25+$H$9,E25+$F$9)) -> 90 | J25: =IF(OR($J$9=0,$L$9=0,F25=""),"",IF(F25>=$G$2,F25+$L$9,F25+$J$9)) -> 2175 | K25: =IF(OR($J$9=0,$L$9=0,G25=""),"",IF(G25>=$G$2,G25+$L$9,G25+$J$9)) -> 2176 | L25: =IF(OR($J$9=0,$L$9=0,H25=""),"",IF(H25>=$G$2,H25+$L$9,H25+$J$9)) -> 159 | M25: =IF(OR($J$9=0,$L$9=0,I25=""),"",IF(I25>=$G$2,I25+$L$9,I25+$J$9)) -> 160 | N25: =IF(OR($N$9=0,$P$9=0,J25=""),"",IF(J25>=$G$2,J25+$P$9,J25+$N$9)) -> 2225 | O25: =IF(OR($N$9=0,$P$9=0,K25=""),"",IF(K25>=$G$2,K25+$P$9,K25+$N$9)) -> 2226 | P25: =IF(OR($N$9=0,$P$9=0,L25=""),"",IF(L25>=$G$2,L25+$P$9,L25+$N$9)) -> 229 | Q25: =IF(OR($N$9=0,$P$9=0,M25=""),"",IF(M25>=$G$2,M25+$P$9,M25+$N$9)) -> 230 | R25: =IF(OR($R$9=0,$T$9=0,N25=""),"",IF(N25>=$G$2,N25+$T$9,N25+$R$9)) -> 2275 | S25: =IF(OR($R$9=0,$T$9=0,O25=""),"",IF(O25>=$G$2,O25+$T$9,O25+$R$9)) -> 2276 | T25: =IF(OR($R$9=0,$T$9=0,P25=""),"",IF(P25>=$G$2,P25+$T$9,P25+$R$9)) -> 299 | U25: =IF(OR($R$9=0,$T$9=0,Q25=""),"",IF(Q25>=$G$2,Q25+$T$9,Q25+$R$9)) -> 300 | V25: =IF(OR($V$9=0,$X$9=0,R25=""),"",IF(R25>=$G$2,R25+$X$9,R25+$V$9)) -> 2325 | W25: =IF(OR($V$9=0,$X$9=0,S25=""),"",IF(S25>=$G$2,S25+$X$9,S25+$V$9)) -> 2326 | X25: =IF(OR($V$9=0,$X$9=0,T25=""),"",IF(T25>=$G$2,T25+$X$9,T25+$V$9)) -> 369 | Y25: =IF(OR($V$9=0,$X$9=0,U25=""),"",IF(U25>=$G$2,U25+$X$9,U25+$V$9)) -> 370 | Z25: =IF(OR($Z$9=0,$AB$9=0,V25=""),"",IF(V25>=$G$2,V25+$AB$9,V25+$Z$9)) -> 2375 | AA25: =IF(OR($Z$9=0,$AB$9=0,W25=""),"",IF(W25>=$G$2,W25+$AB$9,W25+$Z$9)) -> 2376 | AB25: =IF(OR($Z$9=0,$AB$9=0,X25=""),"",IF(X25>=$G$2,X25+$AB$9,X25+$Z$9)) -> 439 | AC25: =IF(OR($Z$9=0,$AB$9=0,Y25=""),"",IF(Y25>=$G$2,Y25+$AB$9,Y25+$Z$9)) -> 440 | AD25: =IF(OR($AD$9=0,$AF$9=0,Z25=""),"",IF(Z25>=$G$2,Z25+$AF$9,Z25+$AD$9)) -> 3099 | AE25: =IF(OR($AD$9=0,$AF$9=0,AA25=""),"",IF(AA25>=$G$2,AA25+$AF$9,AA25+$AD$9)) -> 3100 | AF25: =IF(OR($AD$9=0,$AF$9=0,AB25=""),"",IF(AB25>=$G$2,AB25+$AF$9,AB25+$AD$9)) -> 1043 | AG25: =IF(OR($AD$9=0,$AF$9=0,AC25=""),"",IF(AC25>=$G$2,AC25+$AF$9,AC25+$AD$9)) -> 1044 | AH25: =IF(OR($AH$9=0,$AJ$9=0,AD25=""),"",IF(AD25>=$G$2,AD25+$AJ$9,AD25+$AH$9)) -> 3149 | AI25: =IF(OR($AH$9=0,$AJ$9=0,AE25=""),"",IF(AE25>=$G$2,AE25+$AJ$9,AE25+$AH$9)) -> 3150 | AJ25: =IF(OR($AH$9=0,$AJ$9=0,AF25=""),"",IF(AF25>=$G$2,AF25+$AJ$9,AF25+$AH$9)) -> 1113 | AK25: =IF(OR($AH$9=0,$AJ$9=0,AG25=""),"",IF(AG25>=$G$2,AG25+$AJ$9,AG25+$AH$9)) -> 1114 | AL25: =IF(OR($AL$9=0,$AN$9=0,AH25=""),"",IF(AH25>=$G$2,AH25+$AN$9,AH25+$AL$9)) -> 3199 | AM25: =IF(OR($AL$9=0,$AN$9=0,AI25=""),"",IF(AI25>=$G$2,AI25+$AN$9,AI25+$AL$9)) -> 3200 | AN25: =IF(OR($AL$9=0,$AN$9=0,AJ25=""),"",IF(AJ25>=$G$2,AJ25+$AN$9,AJ25+$AL$9)) -> 1183 | AO25: =IF(OR($AL$9=0,$AN$9=0,AK25=""),"",IF(AK25>=$G$2,AK25+$AN$9,AK25+$AL$9)) -> 1184 | AP25: =IF(OR($AP$9=0,$AR$9=0,AL25=""),"",IF(AL25>=$G$2,AL25+$AR$9,AL25+$AP$9)) -> 3249 | AQ25: =IF(OR($AP$9=0,$AR$9=0,AM25=""),"",IF(AM25>=$G$2,AM25+$AR$9,AM25+$AP$9)) -> 3250 | AR25: =IF(OR($AP$9=0,$AR$9=0,AN25=""),"",IF(AN25>=$G$2,AN25+$AR$9,AN25+$AP$9)) -> 1253 | AS25: =IF(OR($AP$9=0,$AR$9=0,AO25=""),"",IF(AO25>=$G$2,AO25+$AR$9,AO25+$AP$9)) -> 1254 | AT25: =IF(OR($AT$9=0,$AV$9=0,AP25=""),"",IF(AP25>=$G$2,AP25+$AV$9,AP25+$AT$9)) -> 3299 | AU25: =IF(OR($AT$9=0,$AV$9=0,AQ25=""),"",IF(AQ25>=$G$2,AQ25+$AV$9,AQ25+$AT$9)) -> 3300 | AV25: =IF(OR($AT$9=0,$AV$9=0,AR25=""),"",IF(AR25>=$G$2,AR25+$AV$9,AR25+$AT$9)) -> 1323 | AW25: =IF(OR($AT$9=0,$AV$9=0,AS25=""),"",IF(AS25>=$G$2,AS25+$AV$9,AS25+$AT$9)) -> 1324 | AX25: =IF(OR($AX$9=0,$AZ$9=0,AT25=""),"",IF(AT25>=$G$2,AT25+$AZ$9,AT25+$AX$9)) -> 3349 | AY25: =IF(OR($AX$9=0,$AZ$9=0,AU25=""),"",IF(AU25>=$G$2,AU25+$AZ$9,AU25+$AX$9)) -> 3350 | AZ25: =IF(OR($AX$9=0,$AZ$9=0,AV25=""),"",IF(AV25>=$G$2,AV25+$AZ$9,AV25+$AX$9)) -> 1393 | BA25: =IF(OR($AX$9=0,$AZ$9=0,AW25=""),"",IF(AW25>=$G$2,AW25+$AZ$9,AW25+$AX$9)) -> 1394 | BB25: =IF(OR($BB$9=0,$BD$9=0,AX25=""),"",IF(AX25>=$G$2,AX25+$BD$9,AX25+$BB$9)) -> 3399 | BC25: =IF(OR($BB$9=0,$BD$9=0,AY25=""),"",IF(AY25>=$G$2,AY25+$BD$9,AY25+$BB$9)) -> 3400 | BD25: =IF(OR($BB$9=0,$BD$9=0,AZ25=""),"",IF(AZ25>=$G$2,AZ25+$BD$9,AZ25+$BB$9)) -> 1463 | BE25: =IF(OR($BB$9=0,$BD$9=0,BA25=""),"",IF(BA25>=$G$2,BA25+$BD$9,BA25+$BB$9)) -> 1464 | BF25: =IF(OR($BF$9=0,$BH$9=0,BB25=""),"",IF(BB25>=$G$2,BB25+$BH$9,BB25+$BF$9)) | BG25: =IF(OR($BF$9=0,$BH$9=0,BC25=""),"",IF(BC25>=$G$2,BC25+$BH$9,BC25+$BF$9)) | BH25: =IF(OR($BF$9=0,$BH$9=0,BD25=""),"",IF(BD25>=$G$2,BD25+$BH$9,BD25+$BF$9)) | BI25: =IF(OR($BF$9=0,$BH$9=0,BE25=""),"",IF(BE25>=$G$2,BE25+$BH$9,BE25+$BF$9)) | BJ25: =IF(OR($BJ$9=0,$BL$9=0,BF25=""),"",IF(BF25>=$G$2,BF25+$BL$9,BF25+$BJ$9)) | BK25: =IF(OR($BJ$9=0,$BL$9=0,BG25=""),"",IF(BG25>=$G$2,BG25+$BL$9,BG25+$BJ$9)) | BL25: =IF(OR($BJ$9=0,$BL$9=0,BH25=""),"",IF(BH25>=$G$2,BH25+$BL$9,BH25+$BJ$9)) | BM25: =IF(OR($BJ$9=0,$BL$9=0,BI25=""),"",IF(BI25>=$G$2,BI25+$BL$9,BI25+$BJ$9)) | BN25: =IF(OR($BN$9=0,$BP$9=0,BJ25=""),"",IF(BJ25>=$G$2,BJ25+$BP$9,BJ25+$BN$9)) | BO25: =IF(OR($BN$9=0,$BP$9=0,BK25=""),"",IF(BK25>=$G$2,BK25+$BP$9,BK25+$BN$9)) | BP25: =IF(OR($BN$9=0,$BP$9=0,BL25=""),"",IF(BL25>=$G$2,BL25+$BP$9,BL25+$BN$9)) | BQ25: =IF(OR($BN$9=0,$BP$9=0,BM25=""),"",IF(BM25>=$G$2,BM25+$BP$9,BM25+$BN$9)) | BR25: =IF(OR($BR$9=0,$BT$9=0,BN25=""),"",IF(BN25>=$G$2,BN25+$BT$9,BN25+$BR$9)) | BS25: =IF(OR($BR$9=0,$BT$9=0,BO25=""),"",IF(BO25>=$G$2,BO25+$BT$9,BO25+$BR$9)) | BT25: =IF(OR($BR$9=0,$BT$9=0,BP25=""),"",IF(BP25>=$G$2,BP25+$BT$9,BP25+$BR$9)) | BU25: =IF(OR($BR$9=0,$BT$9=0,BQ25=""),"",IF(BQ25>=$G$2,BQ25+$BT$9,BQ25+$BR$9)) | BV25: =IF(OR($BV$9=0,$BX$9=0,BR25=""),"",IF(BR25>=$G$2,BR25+$BX$9,BR25+$BV$9)) | BW25: =IF(OR($BV$9=0,$BX$9=0,BS25=""),"",IF(BS25>=$G$2,BS25+$BX$9,BS25+$BV$9)) | BX25: =IF(OR($BV$9=0,$BX$9=0,BT25=""),"",IF(BT25>=$G$2,BT25+$BX$9,BT25+$BV$9)) | BY25: =IF(OR($BV$9=0,$BX$9=0,BU25=""),"",IF(BU25>=$G$2,BU25+$BX$9,BU25+$BV$9)) | BZ25: =IF(OR($BZ$9=0,$CB$9=0,BV25=""),"",IF(BV25>=$G$2,BV25+$CB$9,BV25+$BZ$9)) | CA25: =IF(OR($BZ$9=0,$CB$9=0,BW25=""),"",IF(BW25>=$G$2,BW25+$CB$9,BW25+$BZ$9)) | CB25: =IF(OR($BZ$9=0,$CB$9=0,BX25=""),"",IF(BX25>=$G$2,BX25+$CB$9,BX25+$BZ$9)) | CC25: =IF(OR($BZ$9=0,$CB$9=0,BY25=""),"",IF(BY25>=$G$2,BY25+$CB$9,BY25+$BZ$9)) | CD25: =IF(OR($CD$9=0,$CF$9=0,BZ25=""),"",IF(BZ25>=$G$2,BZ25+$CF$9,BZ25+$CD$9)) | CE25: =IF(OR($CD$9=0,$CF$9=0,CA25=""),"",IF(CA25>=$G$2,CA25+$CF$9,CA25+$CD$9)) | CF25: =IF(OR($CD$9=0,$CF$9=0,CB25=""),"",IF(CB25>=$G$2,CB25+$CF$9,CB25+$CD$9)) | CG25: =IF(OR($CD$9=0,$CF$9=0,CC25=""),"",IF(CC25>=$G$2,CC25+$CF$9,CC25+$CD$9)) | CH25: =IF(OR($CH$9=0,$CJ$9=0,CD25=""),"",IF(CD25>=$G$2,CD25+$CJ$9,CD25+$CH$9)) | CI25: =IF(OR($CH$9=0,$CJ$9=0,CE25=""),"",IF(CE25>=$G$2,CE25+$CJ$9,CE25+$CH$9)) | CJ25: =IF(OR($CH$9=0,$CJ$9=0,CF25=""),"",IF(CF25>=$G$2,CF25+$CJ$9,CF25+$CH$9)) | CK25: =IF(OR($CH$9=0,$CJ$9=0,CG25=""),"",IF(CG25>=$G$2,CG25+$CJ$9,CG25+$CH$9)) | CL25: =IF(OR($CL$9=0,$CN$9=0,CH25=""),"",IF(CH25>=$G$2,CH25+$CN$9,CH25+$CL$9)) | CM25: =IF(OR($CL$9=0,$CN$9=0,CI25=""),"",IF(CI25>=$G$2,CI25+$CN$9,CI25+$CL$9)) | CN25: =IF(OR($CL$9=0,$CN$9=0,CJ25=""),"",IF(CJ25>=$G$2,CJ25+$CN$9,CJ25+$CL$9)) | CO25: =IF(OR($CL$9=0,$CN$9=0,CK25=""),"",IF(CK25>=$G$2,CK25+$CN$9,CK25+$CL$9)) | CP25: =IF(OR($CP$9=0,$CR$9=0,CL25=""),"",IF(CL25>=$G$2,CL25+$CR$9,CL25+$CP$9)) | CQ25: =IF(OR($CP$9=0,$CR$9=0,CM25=""),"",IF(CM25>=$G$2,CM25+$CR$9,CM25+$CP$9)) | CR25: =IF(OR($CP$9=0,$CR$9=0,CN25=""),"",IF(CN25>=$G$2,CN25+$CR$9,CN25+$CP$9)) | CS25: =IF(OR($CP$9=0,$CR$9=0,CO25=""),"",IF(CO25>=$G$2,CO25+$CR$9,CO25+$CP$9)) | CT25: =IF(OR($CT$9=0,$CV$9=0,CP25=""),"",IF(CP25>=$G$2,CP25+$CV$9,CP25+$CT$9)) | CU25: =IF(OR($CT$9=0,$CV$9=0,CQ25=""),"",IF(CQ25>=$G$2,CQ25+$CV$9,CQ25+$CT$9)) | CV25: =IF(OR($CT$9=0,$CV$9=0,CR25=""),"",IF(CR25>=$G$2,CR25+$CV$9,CR25+$CT$9)) | CW25: =IF(OR($CT$9=0,$CV$9=0,CS25=""),"",IF(CS25>=$G$2,CS25+$CV$9,CS25+$CT$9)) | CX25: 2075 | CY25: 2076 | CZ25: 19 | DA25: 20 | DB25: 2125 | DC25: 2126 | DD25: 89 | DE25: 90 | DF25: 2175 | DG25: 2176 | DH25: 159 | DI25: 160 | DJ25: 2225 | DK25: 2226 | DL25: 229 | DM25: 230 | DN25: 2275 | DO25: 2276 | DP25: 299 | DQ25: 300 | DR25: 2325 | DS25: 2326 | DT25: 369 | DU25: 370 | DV25: 2375 | DW25: 2376 | DX25: 439 | DY25: 440 | DZ25: 3099 | EA25: 3100 | EB25: 1043 | EC25: 1044 | ED25: 3149 | EE25: 3150 | EF25: 1113 | EG25: 1114 | EH25: 3199 | EI25: 3200 | EJ25: 1183 | EK25: 1184 | EL25: 3249 | EM25: 3250 | EN25: 1253 | EO25: 1254 | EP25: 3299 | EQ25: 3300 | ER25: 1323 | ES25: 1324 | ET25: 3349 | EU25: 3350 | EV25: 1393 | EW25: 1394 | EX25: 3399 | EY25: 3400 | EZ25: 1463 | FA25: 1464
... A46: =IF(B46="","",A45+1) -> 34 | B46: 2095 | C46: 2096 | D46: 55 | E46: 56 | F46: =IF(OR($F$9=0,$H$9=0,B46=""),"",IF(B46>=$G$2,B46+$H$9,B46+$F$9)) -> 2145 | G46: =IF(OR($F$9=0,$H$9=0,C46=""),"",IF(C46>=$G$2,C46+$H$9,C46+$F$9)) -> 2146 | H46: =IF(OR($F$9=0,$H$9=0,D46=""),"",IF(D46>=$G$2,D46+$H$9,D46+$F$9)) -> 125 | I46: =IF(OR($F$9=0,$H$9=0,E46=""),"",IF(E46>=$G$2,E46+$H$9,E46+$F$9)) -> 126 | J46: =IF(OR($J$9=0,$L$9=0,F46=""),"",IF(F46>=$G$2,F46+$L$9,F46+$J$9)) -> 2195 | K46: =IF(OR($J$9=0,$L$9=0,G46=""),"",IF(G46>=$G$2,G46+$L$9,G46+$J$9)) -> 2196 | L46: =IF(OR($J$9=0,$L$9=0,H46=""),"",IF(H46>=$G$2,H46+$L$9,H46+$J$9)) -> 195 | M46: =IF(OR($J$9=0,$L$9=0,I46=""),"",IF(I46>=$G$2,I46+$L$9,I46+$J$9)) -> 196 | N46: =IF(OR($N$9=0,$P$9=0,J46=""),"",IF(J46>=$G$2,J46+$P$9,J46+$N$9)) -> 2245 | O46: =IF(OR($N$9=0,$P$9=0,K46=""),"",IF(K46>=$G$2,K46+$P$9,K46+$N$9)) -> 2246 | P46: =IF(OR($N$9=0,$P$9=0,L46=""),"",IF(L46>=$G$2,L46+$P$9,L46+$N$9)) -> 265 | Q46: =IF(OR($N$9=0,$P$9=0,M46=""),"",IF(M46>=$G$2,M46+$P$9,M46+$N$9)) -> 266 | R46: =IF(OR($R$9=0,$T$9=0,N46=""),"",IF(N46>=$G$2,N46+$T$9,N46+$R$9)) -> 2295 | S46: =IF(OR($R$9=0,$T$9=0,O46=""),"",IF(O46>=$G$2,O46+$T$9,O46+$R$9)) -> 2296 | T46: =IF(OR($R$9=0,$T$9=0,P46=""),"",IF(P46>=$G$2,P46+$T$9,P46+$R$9)) -> 335 | U46: =IF(OR($R$9=0,$T$9=0,Q46=""),"",IF(Q46>=$G$2,Q46+$T$9,Q46+$R$9)) -> 336 | V46: =IF(OR($V$9=0,$X$9=0,R46=""),"",IF(R46>=$G$2,R46+$X$9,R46+$V$9)) -> 2345 | W46: =IF(OR($V$9=0,$X$9=0,S46=""),"",IF(S46>=$G$2,S46+$X$9,S46+$V$9)) -> 2346 | X46: =IF(OR($V$9=0,$X$9=0,T46=""),"",IF(T46>=$G$2,T46+$X$9,T46+$V$9)) -> 405 | Y46: =IF(OR($V$9=0,$X$9=0,U46=""),"",IF(U46>=$G$2,U46+$X$9,U46+$V$9)) -> 406 | Z46: =IF(OR($Z$9=0,$AB$9=0,V46=""),"",IF(V46>=$G$2,V46+$AB$9,V46+$Z$9)) -> 2395 | AA46: =IF(OR($Z$9=0,$AB$9=0,W46=""),"",IF(W46>=$G$2,W46+$AB$9,W46+$Z$9)) -> 2396 | AB46: =IF(OR($Z$9=0,$AB$9=0,X46=""),"",IF(X46>=$G$2,X46+$AB$9,X46+$Z$9)) -> 475 | AC46: =IF(OR($Z$9=0,$AB$9=0,Y46=""),"",IF(Y46>=$G$2,Y46+$AB$9,Y46+$Z$9)) -> 476 | AD46: =IF(OR($AD$9=0,$AF$9=0,Z46=""),"",IF(Z46>=$G$2,Z46+$AF$9,Z46+$AD$9)) -> 3119 | AE46: =IF(OR($AD$9=0,$AF$9=0,AA46=""),"",IF(AA46>=$G$2,AA46+$AF$9,AA46+$AD$9)) -> 3120 | AF46: =IF(OR($AD$9=0,$AF$9=0,AB46=""),"",IF(AB46>=$G$2,AB46+$AF$9,AB46+$AD$9)) -> 1079 | AG46: =IF(OR($AD$9=0,$AF$9=0,AC46=""),"",IF(AC46>=$G$2,AC46+$AF$9,AC46+$AD$9)) -> 1080 | AH46: =IF(OR($AH$9=0,$AJ$9=0,AD46=""),"",IF(AD46>=$G$2,AD46+$AJ$9,AD46+$AH$9)) -> 3169 | AI46: =IF(OR($AH$9=0,$AJ$9=0,AE46=""),"",IF(AE46>=$G$2,AE46+$AJ$9,AE46+$AH$9)) -> 3170 | AJ46: =IF(OR($AH$9=0,$AJ$9=0,AF46=""),"",IF(AF46>=$G$2,AF46+$AJ$9,AF46+$AH$9)) -> 1149 | AK46: =IF(OR($AH$9=0,$AJ$9=0,AG46=""),"",IF(AG46>=$G$2,AG46+$AJ$9,AG46+$AH$9)) -> 1150 | AL46: =IF(OR($AL$9=0,$AN$9=0,AH46=""),"",IF(AH46>=$G$2,AH46+$AN$9,AH46+$AL$9)) -> 3219 | AM46: =IF(OR($AL$9=0,$AN$9=0,AI46=""),"",IF(AI46>=$G$2,AI46+$AN$9,AI46+$AL$9)) -> 3220 | AN46: =IF(OR($AL$9=0,$AN$9=0,AJ46=""),"",IF(AJ46>=$G$2,AJ46+$AN$9,AJ46+$AL$9)) -> 1219 | AO46: =IF(OR($AL$9=0,$AN$9=0,AK46=""),"",IF(AK46>=$G$2,AK46+$AN$9,AK46+$AL$9)) -> 1220 | AP46: =IF(OR($AP$9=0,$AR$9=0,AL46=""),"",IF(AL46>=$G$2,AL46+$AR$9,AL46+$AP$9)) -> 3269 | AQ46: =IF(OR($AP$9=0,$AR$9=0,AM46=""),"",IF(AM46>=$G$2,AM46+$AR$9,AM46+$AP$9)) -> 3270 | AR46: =IF(OR($AP$9=0,$AR$9=0,AN46=""),"",IF(AN46>=$G$2,AN46+$AR$9,AN46+$AP$9)) -> 1289 | AS46: =IF(OR($AP$9=0,$AR$9=0,AO46=""),"",IF(AO46>=$G$2,AO46+$AR$9,AO46+$AP$9)) -> 1290 | AT46: =IF(OR($AT$9=0,$AV$9=0,AP46=""),"",IF(AP46>=$G$2,AP46+$AV$9,AP46+$AT$9)) -> 3319 | AU46: =IF(OR($AT$9=0,$AV$9=0,AQ46=""),"",IF(AQ46>=$G$2,AQ46+$AV$9,AQ46+$AT$9)) -> 3320 | AV46: =IF(OR($AT$9=0,$AV$9=0,AR46=""),"",IF(AR46>=$G$2,AR46+$AV$9,AR46+$AT$9)) -> 1359 | AW46: =IF(OR($AT$9=0,$AV$9=0,AS46=""),"",IF(AS46>=$G$2,AS46+$AV$9,AS46+$AT$9)) -> 1360 | AX46: =IF(OR($AX$9=0,$AZ$9=0,AT46=""),"",IF(AT46>=$G$2,AT46+$AZ$9,AT46+$AX$9)) -> 3369 | AY46: =IF(OR($AX$9=0,$AZ$9=0,AU46=""),"",IF(AU46>=$G$2,AU46+$AZ$9,AU46+$AX$9)) -> 3370 | AZ46: =IF(OR($AX$9=0,$AZ$9=0,AV46=""),"",IF(AV46>=$G$2,AV46+$AZ$9,AV46+$AX$9)) -> 1429 | BA46: =IF(OR($AX$9=0,$AZ$9=0,AW46=""),"",IF(AW46>=$G$2,AW46+$AZ$9,AW46+$AX$9)) -> 1430 | BB46: =IF(OR($BB$9=0,$BD$9=0,AX46=""),"",IF(AX46>=$G$2,AX46+$BD$9,AX46+$BB$9)) -> 3419 | BC46: =IF(OR($BB$9=0,$BD$9=0,AY46=""),"",IF(AY46>=$G$2,AY46+$BD$9,AY46+$BB$9)) -> 3420 | BD46: =IF(OR($BB$9=0,$BD$9=0,AZ46=""),"",IF(AZ46>=$G$2,AZ46+$BD$9,AZ46+$BB$9)) -> 1499 | BE46: =IF(OR($BB$9=0,$BD$9=0,BA46=""),"",IF(BA46>=$G$2,BA46+$BD$9,BA46+$BB$9)) -> 1500 | BF46: =IF(OR($BF$9=0,$BH$9=0,BB46=""),"",IF(BB46>=$G$2,BB46+$BH$9,BB46+$BF$9)) | BG46: =IF(OR($BF$9=0,$BH$9=0,BC46=""),"",IF(BC46>=$G$2,BC46+$BH$9,BC46+$BF$9)) | BH46: =IF(OR($BF$9=0,$BH$9=0,BD46=""),"",IF(BD46>=$G$2,BD46+$BH$9,BD46+$BF$9)) | BI46: =IF(OR($BF$9=0,$BH$9=0,BE46=""),"",IF(BE46>=$G$2,BE46+$BH$9,BE46+$BF$9)) | BJ46: =IF(OR($BJ$9=0,$BL$9=0,BF46=""),"",IF(BF46>=$G$2,BF46+$BL$9,BF46+$BJ$9)) | BK46: =IF(OR($BJ$9=0,$BL$9=0,BG46=""),"",IF(BG46>=$G$2,BG46+$BL$9,BG46+$BJ$9)) | BL46: =IF(OR($BJ$9=0,$BL$9=0,BH46=""),"",IF(BH46>=$G$2,BH46+$BL$9,BH46+$BJ$9)) | BM46: =IF(OR($BJ$9=0,$BL$9=0,BI46=""),"",IF(BI46>=$G$2,BI46+$BL$9,BI46+$BJ$9)) | BN46: =IF(OR($BN$9=0,$BP$9=0,BJ46=""),"",IF(BJ46>=$G$2,BJ46+$BP$9,BJ46+$BN$9)) | BO46: =IF(OR($BN$9=0,$BP$9=0,BK46=""),"",IF(BK46>=$G$2,BK46+$BP$9,BK46+$BN$9)) | BP46: =IF(OR($BN$9=0,$BP$9=0,BL46=""),"",IF(BL46>=$G$2,BL46+$BP$9,BL46+$BN$9)) | BQ46: =IF(OR($BN$9=0,$BP$9=0,BM46=""),"",IF(BM46>=$G$2,BM46+$BP$9,BM46+$BN$9)) | BR46: =IF(OR($BR$9=0,$BT$9=0,BN46=""),"",IF(BN46>=$G$2,BN46+$BT$9,BN46+$BR$9)) | BS46: =IF(OR($BR$9=0,$BT$9=0,BO46=""),"",IF(BO46>=$G$2,BO46+$BT$9,BO46+$BR$9)) | BT46: =IF(OR($BR$9=0,$BT$9=0,BP46=""),"",IF(BP46>=$G$2,BP46+$BT$9,BP46+$BR$9)) | BU46: =IF(OR($BR$9=0,$BT$9=0,BQ46=""),"",IF(BQ46>=$G$2,BQ46+$BT$9,BQ46+$BR$9)) | BV46: =IF(OR($BV$9=0,$BX$9=0,BR46=""),"",IF(BR46>=$G$2,BR46+$BX$9,BR46+$BV$9)) | BW46: =IF(OR($BV$9=0,$BX$9=0,BS46=""),"",IF(BS46>=$G$2,BS46+$BX$9,BS46+$BV$9)) | BX46: =IF(OR($BV$9=0,$BX$9=0,BT46=""),"",IF(BT46>=$G$2,BT46+$BX$9,BT46+$BV$9)) | BY46: =IF(OR($BV$9=0,$BX$9=0,BU46=""),"",IF(BU46>=$G$2,BU46+$BX$9,BU46+$BV$9)) | BZ46: =IF(OR($BZ$9=0,$CB$9=0,BV46=""),"",IF(BV46>=$G$2,BV46+$CB$9,BV46+$BZ$9)) | CA46: =IF(OR($BZ$9=0,$CB$9=0,BW46=""),"",IF(BW46>=$G$2,BW46+$CB$9,BW46+$BZ$9)) | CB46: =IF(OR($BZ$9=0,$CB$9=0,BX46=""),"",IF(BX46>=$G$2,BX46+$CB$9,BX46+$BZ$9)) | CC46: =IF(OR($BZ$9=0,$CB$9=0,BY46=""),"",IF(BY46>=$G$2,BY46+$CB$9,BY46+$BZ$9)) | CD46: =IF(OR($CD$9=0,$CF$9=0,BZ46=""),"",IF(BZ46>=$G$2,BZ46+$CF$9,BZ46+$CD$9)) | CE46: =IF(OR($CD$9=0,$CF$9=0,CA46=""),"",IF(CA46>=$G$2,CA46+$CF$9,CA46+$CD$9)) | CF46: =IF(OR($CD$9=0,$CF$9=0,CB46=""),"",IF(CB46>=$G$2,CB46+$CF$9,CB46+$CD$9)) | CG46: =IF(OR($CD$9=0,$CF$9=0,CC46=""),"",IF(CC46>=$G$2,CC46+$CF$9,CC46+$CD$9)) | CH46: =IF(OR($CH$9=0,$CJ$9=0,CD46=""),"",IF(CD46>=$G$2,CD46+$CJ$9,CD46+$CH$9)) | CI46: =IF(OR($CH$9=0,$CJ$9=0,CE46=""),"",IF(CE46>=$G$2,CE46+$CJ$9,CE46+$CH$9)) | CJ46: =IF(OR($CH$9=0,$CJ$9=0,CF46=""),"",IF(CF46>=$G$2,CF46+$CJ$9,CF46+$CH$9)) | CK46: =IF(OR($CH$9=0,$CJ$9=0,CG46=""),"",IF(CG46>=$G$2,CG46+$CJ$9,CG46+$CH$9)) | CL46: =IF(OR($CL$9=0,$CN$9=0,CH46=""),"",IF(CH46>=$G$2,CH46+$CN$9,CH46+$CL$9)) | CM46: =IF(OR($CL$9=0,$CN$9=0,CI46=""),"",IF(CI46>=$G$2,CI46+$CN$9,CI46+$CL$9)) | CN46: =IF(OR($CL$9=0,$CN$9=0,CJ46=""),"",IF(CJ46>=$G$2,CJ46+$CN$9,CJ46+$CL$9)) | CO46: =IF(OR($CL$9=0,$CN$9=0,CK46=""),"",IF(CK46>=$G$2,CK46+$CN$9,CK46+$CL$9)) | CP46: =IF(OR($CP$9=0,$CR$9=0,CL46=""),"",IF(CL46>=$G$2,CL46+$CR$9,CL46+$CP$9)) | CQ46: =IF(OR($CP$9=0,$CR$9=0,CM46=""),"",IF(CM46>=$G$2,CM46+$CR$9,CM46+$CP$9)) | CR46: =IF(OR($CP$9=0,$CR$9=0,CN46=""),"",IF(CN46>=$G$2,CN46+$CR$9,CN46+$CP$9)) | CS46: =IF(OR($CP$9=0,$CR$9=0,CO46=""),"",IF(CO46>=$G$2,CO46+$CR$9,CO46+$CP$9)) | CT46: =IF(OR($CT$9=0,$CV$9=0,CP46=""),"",IF(CP46>=$G$2,CP46+$CV$9,CP46+$CT$9)) | CU46: =IF(OR($CT$9=0,$CV$9=0,CQ46=""),"",IF(CQ46>=$G$2,CQ46+$CV$9,CQ46+$CT$9)) | CV46: =IF(OR($CT$9=0,$CV$9=0,CR46=""),"",IF(CR46>=$G$2,CR46+$CV$9,CR46+$CT$9)) | CW46: =IF(OR($CT$9=0,$CV$9=0,CS46=""),"",IF(CS46>=$G$2,CS46+$CV$9,CS46+$CT$9)) | CX46: 2095 | CY46: 2096 | CZ46: 55 | DA46: 56 | DB46: 2145 | DC46: 2146 | DD46: 125 | DE46: 126 | DF46: 2195 | DG46: 2196 | DH46: 195 | DI46: 196 | DJ46: 2245 | DK46: 2246 | DL46: 265 | DM46: 266 | DN46: 2295 | DO46: 2296 | DP46: 335 | DQ46: 336 | DR46: 2345 | DS46: 2346 | DT46: 405 | DU46: 406 | DV46: 2395 | DW46: 2396 | DX46: 475 | DY46: 476 | DZ46: 3119 | EA46: 3120 | EB46: 1079 | EC46: 1080 | ED46: 3169 | EE46: 3170 | EF46: 1149 | EG46: 1150 | EH46: 3219 | EI46: 3220 | EJ46: 1219 | EK46: 1220 | EL46: 3269 | EM46: 3270 | EN46: 1289 | EO46: 1290 | EP46: 3319 | EQ46: 3320 | ER46: 1359 | ES46: 1360 | ET46: 3369 | EU46: 3370 | EV46: 1429 | EW46: 1430 | EX46: 3419 | EY46: 3420 | EZ46: 1499 | FA46: 1500
A47: =IF(B47="","",A46+1) | F47: =IF(OR($F$9=0,$H$9=0,B47=""),"",IF(B47>=$G$2,B47+$H$9,B47+$F$9)) | G47: =IF(OR($F$9=0,$H$9=0,C47=""),"",IF(C47>=$G$2,C47+$H$9,C47+$F$9)) | H47: =IF(OR($F$9=0,$H$9=0,D47=""),"",IF(D47>=$G$2,D47+$H$9,D47+$F$9)) | I47: =IF(OR($F$9=0,$H$9=0,E47=""),"",IF(E47>=$G$2,E47+$H$9,E47+$F$9)) | J47: =IF(OR($J$9=0,$L$9=0,F47=""),"",IF(F47>=$G$2,F47+$L$9,F47+$J$9)) | K47: =IF(OR($J$9=0,$L$9=0,G47=""),"",IF(G47>=$G$2,G47+$L$9,G47+$J$9)) | L47: =IF(OR($J$9=0,$L$9=0,H47=""),"",IF(H47>=$G$2,H47+$L$9,H47+$J$9)) | M47: =IF(OR($J$9=0,$L$9=0,I47=""),"",IF(I47>=$G$2,I47+$L$9,I47+$J$9)) | N47: =IF(OR($N$9=0,$P$9=0,J47=""),"",IF(J47>=$G$2,J47+$P$9,J47+$N$9)) | O47: =IF(OR($N$9=0,$P$9=0,K47=""),"",IF(K47>=$G$2,K47+$P$9,K47+$N$9)) | P47: =IF(OR($N$9=0,$P$9=0,L47=""),"",IF(L47>=$G$2,L47+$P$9,L47+$N$9)) | Q47: =IF(OR($N$9=0,$P$9=0,M47=""),"",IF(M47>=$G$2,M47+$P$9,M47+$N$9)) | R47: =IF(OR($R$9=0,$T$9=0,N47=""),"",IF(N47>=$G$2,N47+$T$9,N47+$R$9)) | S47: =IF(OR($R$9=0,$T$9=0,O47=""),"",IF(O47>=$G$2,O47+$T$9,O47+$R$9)) | T47: =IF(OR($R$9=0,$T$9=0,P47=""),"",IF(P47>=$G$2,P47+$T$9,P47+$R$9)) | U47: =IF(OR($R$9=0,$T$9=0,Q47=""),"",IF(Q47>=$G$2,Q47+$T$9,Q47+$R$9)) | V47: =IF(OR($V$9=0,$X$9=0,R47=""),"",IF(R47>=$G$2,R47+$X$9,R47+$V$9)) | W47: =IF(OR($V$9=0,$X$9=0,S47=""),"",IF(S47>=$G$2,S47+$X$9,S47+$V$9)) | X47: =IF(OR($V$9=0,$X$9=0,T47=""),"",IF(T47>=$G$2,T47+$X$9,T47+$V$9)) | Y47: =IF(OR($V$9=0,$X$9=0,U47=""),"",IF(U47>=$G$2,U47+$X$9,U47+$V$9)) | Z47: =IF(OR($Z$9=0,$AB$9=0,V47=""),"",IF(V47>=$G$2,V47+$AB$9,V47+$Z$9)) | AA47: =IF(OR($Z$9=0,$AB$9=0,W47=""),"",IF(W47>=$G$2,W47+$AB$9,W47+$Z$9)) | AB47: =IF(OR($Z$9=0,$AB$9=0,X47=""),"",IF(X47>=$G$2,X47+$AB$9,X47+$Z$9)) | AC47: =IF(OR($Z$9=0,$AB$9=0,Y47=""),"",IF(Y47>=$G$2,Y47+$AB$9,Y47+$Z$9)) | AD47: =IF(OR($AD$9=0,$AF$9=0,Z47=""),"",IF(Z47>=$G$2,Z47+$AF$9,Z47+$AD$9)) | AE47: =IF(OR($AD$9=0,$AF$9=0,AA47=""),"",IF(AA47>=$G$2,AA47+$AF$9,AA47+$AD$9)) | AF47: =IF(OR($AD$9=0,$AF$9=0,AB47=""),"",IF(AB47>=$G$2,AB47+$AF$9,AB47+$AD$9)) | AG47: =IF(OR($AD$9=0,$AF$9=0,AC47=""),"",IF(AC47>=$G$2,AC47+$AF$9,AC47+$AD$9)) | AH47: =IF(OR($AH$9=0,$AJ$9=0,AD47=""),"",IF(AD47>=$G$2,AD47+$AJ$9,AD47+$AH$9)) | AI47: =IF(OR($AH$9=0,$AJ$9=0,AE47=""),"",IF(AE47>=$G$2,AE47+$AJ$9,AE47+$AH$9)) | AJ47: =IF(OR($AH$9=0,$AJ$9=0,AF47=""),"",IF(AF47>=$G$2,AF47+$AJ$9,AF47+$AH$9)) | AK47: =IF(OR($AH$9=0,$AJ$9=0,AG47=""),"",IF(AG47>=$G$2,AG47+$AJ$9,AG47+$AH$9)) | AL47: =IF(OR($AL$9=0,$AN$9=0,AH47=""),"",IF(AH47>=$G$2,AH47+$AN$9,AH47+$AL$9)) | AM47: =IF(OR($AL$9=0,$AN$9=0,AI47=""),"",IF(AI47>=$G$2,AI47+$AN$9,AI47+$AL$9)) | AN47: =IF(OR($AL$9=0,$AN$9=0,AJ47=""),"",IF(AJ47>=$G$2,AJ47+$AN$9,AJ47+$AL$9)) | AO47: =IF(OR($AL$9=0,$AN$9=0,AK47=""),"",IF(AK47>=$G$2,AK47+$AN$9,AK47+$AL$9)) | AP47: =IF(OR($AP$9=0,$AR$9=0,AL47=""),"",IF(AL47>=$G$2,AL47+$AR$9,AL47+$AP$9)) | AQ47: =IF(OR($AP$9=0,$AR$9=0,AM47=""),"",IF(AM47>=$G$2,AM47+$AR$9,AM47+$AP$9)) | AR47: =IF(OR($AP$9=0,$AR$9=0,AN47=""),"",IF(AN47>=$G$2,AN47+$AR$9,AN47+$AP$9)) | AS47: =IF(OR($AP$9=0,$AR$9=0,AO47=""),"",IF(AO47>=$G$2,AO47+$AR$9,AO47+$AP$9)) | AT47: =IF(OR($AT$9=0,$AV$9=0,AP47=""),"",IF(AP47>=$G$2,AP47+$AV$9,AP47+$AT$9)) | AU47: =IF(OR($AT$9=0,$AV$9=0,AQ47=""),"",IF(AQ47>=$G$2,AQ47+$AV$9,AQ47+$AT$9)) | AV47: =IF(OR($AT$9=0,$AV$9=0,AR47=""),"",IF(AR47>=$G$2,AR47+$AV$9,AR47+$AT$9)) | AW47: =IF(OR($AT$9=0,$AV$9=0,AS47=""),"",IF(AS47>=$G$2,AS47+$AV$9,AS47+$AT$9)) | AX47: =IF(OR($AX$9=0,$AZ$9=0,AT47=""),"",IF(AT47>=$G$2,AT47+$AZ$9,AT47+$AX$9)) | AY47: =IF(OR($AX$9=0,$AZ$9=0,AU47=""),"",IF(AU47>=$G$2,AU47+$AZ$9,AU47+$AX$9)) | AZ47: =IF(OR($AX$9=0,$AZ$9=0,AV47=""),"",IF(AV47>=$G$2,AV47+$AZ$9,AV47+$AX$9)) | BA47: =IF(OR($AX$9=0,$AZ$9=0,AW47=""),"",IF(AW47>=$G$2,AW47+$AZ$9,AW47+$AX$9)) | BB47: =IF(OR($BB$9=0,$BD$9=0,AX47=""),"",IF(AX47>=$G$2,AX47+$BD$9,AX47+$BB$9)) | BC47: =IF(OR($BB$9=0,$BD$9=0,AY47=""),"",IF(AY47>=$G$2,AY47+$BD$9,AY47+$BB$9)) | BD47: =IF(OR($BB$9=0,$BD$9=0,AZ47=""),"",IF(AZ47>=$G$2,AZ47+$BD$9,AZ47+$BB$9)) | BE47: =IF(OR($BB$9=0,$BD$9=0,BA47=""),"",IF(BA47>=$G$2,BA47+$BD$9,BA47+$BB$9)) | BF47: =IF(OR($BF$9=0,$BH$9=0,BB47=""),"",IF(BB47>=$G$2,BB47+$BH$9,BB47+$BF$9)) | BG47: =IF(OR($BF$9=0,$BH$9=0,BC47=""),"",IF(BC47>=$G$2,BC47+$BH$9,BC47+$BF$9)) | BH47: =IF(OR($BF$9=0,$BH$9=0,BD47=""),"",IF(BD47>=$G$2,BD47+$BH$9,BD47+$BF$9)) | BI47: =IF(OR($BF$9=0,$BH$9=0,BE47=""),"",IF(BE47>=$G$2,BE47+$BH$9,BE47+$BF$9)) | BJ47: =IF(OR($BJ$9=0,$BL$9=0,BF47=""),"",IF(BF47>=$G$2,BF47+$BL$9,BF47+$BJ$9)) | BK47: =IF(OR($BJ$9=0,$BL$9=0,BG47=""),"",IF(BG47>=$G$2,BG47+$BL$9,BG47+$BJ$9)) | BL47: =IF(OR($BJ$9=0,$BL$9=0,BH47=""),"",IF(BH47>=$G$2,BH47+$BL$9,BH47+$BJ$9)) | BM47: =IF(OR($BJ$9=0,$BL$9=0,BI47=""),"",IF(BI47>=$G$2,BI47+$BL$9,BI47+$BJ$9)) | BN47: =IF(OR($BN$9=0,$BP$9=0,BJ47=""),"",IF(BJ47>=$G$2,BJ47+$BP$9,BJ47+$BN$9)) | BO47: =IF(OR($BN$9=0,$BP$9=0,BK47=""),"",IF(BK47>=$G$2,BK47+$BP$9,BK47+$BN$9)) | BP47: =IF(OR($BN$9=0,$BP$9=0,BL47=""),"",IF(BL47>=$G$2,BL47+$BP$9,BL47+$BN$9)) | BQ47: =IF(OR($BN$9=0,$BP$9=0,BM47=""),"",IF(BM47>=$G$2,BM47+$BP$9,BM47+$BN$9)) | BR47: =IF(OR($BR$9=0,$BT$9=0,BN47=""),"",IF(BN47>=$G$2,BN47+$BT$9,BN47+$BR$9)) | BS47: =IF(OR($BR$9=0,$BT$9=0,BO47=""),"",IF(BO47>=$G$2,BO47+$BT$9,BO47+$BR$9)) | BT47: =IF(OR($BR$9=0,$BT$9=0,BP47=""),"",IF(BP47>=$G$2,BP47+$BT$9,BP47+$BR$9)) | BU47: =IF(OR($BR$9=0,$BT$9=0,BQ47=""),"",IF(BQ47>=$G$2,BQ47+$BT$9,BQ47+$BR$9)) | BV47: =IF(OR($BV$9=0,$BX$9=0,BR47=""),"",IF(BR47>=$G$2,BR47+$BX$9,BR47+$BV$9)) | BW47: =IF(OR($BV$9=0,$BX$9=0,BS47=""),"",IF(BS47>=$G$2,BS47+$BX$9,BS47+$BV$9)) | BX47: =IF(OR($BV$9=0,$BX$9=0,BT47=""),"",IF(BT47>=$G$2,BT47+$BX$9,BT47+$BV$9)) | BY47: =IF(OR($BV$9=0,$BX$9=0,BU47=""),"",IF(BU47>=$G$2,BU47+$BX$9,BU47+$BV$9)) | BZ47: =IF(OR($BZ$9=0,$CB$9=0,BV47=""),"",IF(BV47>=$G$2,BV47+$CB$9,BV47+$BZ$9)) | CA47: =IF(OR($BZ$9=0,$CB$9=0,BW47=""),"",IF(BW47>=$G$2,BW47+$CB$9,BW47+$BZ$9)) | CB47: =IF(OR($BZ$9=0,$CB$9=0,BX47=""),"",IF(BX47>=$G$2,BX47+$CB$9,BX47+$BZ$9)) | CC47: =IF(OR($BZ$9=0,$CB$9=0,BY47=""),"",IF(BY47>=$G$2,BY47+$CB$9,BY47+$BZ$9)) | CD47: =IF(OR($CD$9=0,$CF$9=0,BZ47=""),"",IF(BZ47>=$G$2,BZ47+$CF$9,BZ47+$CD$9)) | CE47: =IF(OR($CD$9=0,$CF$9=0,CA47=""),"",IF(CA47>=$G$2,CA47+$CF$9,CA47+$CD$9)) | CF47: =IF(OR($CD$9=0,$CF$9=0,CB47=""),"",IF(CB47>=$G$2,CB47+$CF$9,CB47+$CD$9)) | CG47: =IF(OR($CD$9=0,$CF$9=0,CC47=""),"",IF(CC47>=$G$2,CC47+$CF$9,CC47+$CD$9)) | CH47: =IF(OR($CH$9=0,$CJ$9=0,CD47=""),"",IF(CD47>=$G$2,CD47+$CJ$9,CD47+$CH$9)) | CI47: =IF(OR($CH$9=0,$CJ$9=0,CE47=""),"",IF(CE47>=$G$2,CE47+$CJ$9,CE47+$CH$9)) | CJ47: =IF(OR($CH$9=0,$CJ$9=0,CF47=""),"",IF(CF47>=$G$2,CF47+$CJ$9,CF47+$CH$9)) | CK47: =IF(OR($CH$9=0,$CJ$9=0,CG47=""),"",IF(CG47>=$G$2,CG47+$CJ$9,CG47+$CH$9)) | CL47: =IF(OR($CL$9=0,$CN$9=0,CH47=""),"",IF(CH47>=$G$2,CH47+$CN$9,CH47+$CL$9)) | CM47: =IF(OR($CL$9=0,$CN$9=0,CI47=""),"",IF(CI47>=$G$2,CI47+$CN$9,CI47+$CL$9)) | CN47: =IF(OR($CL$9=0,$CN$9=0,CJ47=""),"",IF(CJ47>=$G$2,CJ47+$CN$9,CJ47+$CL$9)) | CO47: =IF(OR($CL$9=0,$CN$9=0,CK47=""),"",IF(CK47>=$G$2,CK47+$CN$9,CK47+$CL$9)) | CP47: =IF(OR($CP$9=0,$CR$9=0,CL47=""),"",IF(CL47>=$G$2,CL47+$CR$9,CL47+$CP$9)) | CQ47: =IF(OR($CP$9=0,$CR$9=0,CM47=""),"",IF(CM47>=$G$2,CM47+$CR$9,CM47+$CP$9)) | CR47: =IF(OR($CP$9=0,$CR$9=0,CN47=""),"",IF(CN47>=$G$2,CN47+$CR$9,CN47+$CP$9)) | CS47: =IF(OR($CP$9=0,$CR$9=0,CO47=""),"",IF(CO47>=$G$2,CO47+$CR$9,CO47+$CP$9)) | CT47: =IF(OR($CT$9=0,$CV$9=0,CP47=""),"",IF(CP47>=$G$2,CP47+$CV$9,CP47+$CT$9)) | CU47: =IF(OR($CT$9=0,$CV$9=0,CQ47=""),"",IF(CQ47>=$G$2,CQ47+$CV$9,CQ47+$CT$9)) | CV47: =IF(OR($CT$9=0,$CV$9=0,CR47=""),"",IF(CR47>=$G$2,CR47+$CV$9,CR47+$CT$9)) | CW47: =IF(OR($CT$9=0,$CV$9=0,CS47=""),"",IF(CS47>=$G$2,CS47+$CV$9,CS47+$CT$9))
A48: =IF(B48="","",A47+1) | F48: =IF(OR($F$9=0,$H$9=0,B48=""),"",IF(B48>=$G$2,B48+$H$9,B48+$F$9)) | G48: =IF(OR($F$9=0,$H$9=0,C48=""),"",IF(C48>=$G$2,C48+$H$9,C48+$F$9)) | H48: =IF(OR($F$9=0,$H$9=0,D48=""),"",IF(D48>=$G$2,D48+$H$9,D48+$F$9)) | I48: =IF(OR($F$9=0,$H$9=0,E48=""),"",IF(E48>=$G$2,E48+$H$9,E48+$F$9)) | J48: =IF(OR($J$9=0,$L$9=0,F48=""),"",IF(F48>=$G$2,F48+$L$9,F48+$J$9)) | K48: =IF(OR($J$9=0,$L$9=0,G48=""),"",IF(G48>=$G$2,G48+$L$9,G48+$J$9)) | L48: =IF(OR($J$9=0,$L$9=0,H48=""),"",IF(H48>=$G$2,H48+$L$9,H48+$J$9)) | M48: =IF(OR($J$9=0,$L$9=0,I48=""),"",IF(I48>=$G$2,I48+$L$9,I48+$J$9)) | N48: =IF(OR($N$9=0,$P$9=0,J48=""),"",IF(J48>=$G$2,J48+$P$9,J48+$N$9)) | O48: =IF(OR($N$9=0,$P$9=0,K48=""),"",IF(K48>=$G$2,K48+$P$9,K48+$N$9)) | P48: =IF(OR($N$9=0,$P$9=0,L48=""),"",IF(L48>=$G$2,L48+$P$9,L48+$N$9)) | Q48: =IF(OR($N$9=0,$P$9=0,M48=""),"",IF(M48>=$G$2,M48+$P$9,M48+$N$9)) | R48: =IF(OR($R$9=0,$T$9=0,N48=""),"",IF(N48>=$G$2,N48+$T$9,N48+$R$9)) | S48: =IF(OR($R$9=0,$T$9=0,O48=""),"",IF(O48>=$G$2,O48+$T$9,O48+$R$9)) | T48: =IF(OR($R$9=0,$T$9=0,P48=""),"",IF(P48>=$G$2,P48+$T$9,P48+$R$9)) | U48: =IF(OR($R$9=0,$T$9=0,Q48=""),"",IF(Q48>=$G$2,Q48+$T$9,Q48+$R$9)) | V48: =IF(OR($V$9=0,$X$9=0,R48=""),"",IF(R48>=$G$2,R48+$X$9,R48+$V$9)) | W48: =IF(OR($V$9=0,$X$9=0,S48=""),"",IF(S48>=$G$2,S48+$X$9,S48+$V$9)) | X48: =IF(OR($V$9=0,$X$9=0,T48=""),"",IF(T48>=$G$2,T48+$X$9,T48+$V$9)) | Y48: =IF(OR($V$9=0,$X$9=0,U48=""),"",IF(U48>=$G$2,U48+$X$9,U48+$V$9)) | Z48: =IF(OR($Z$9=0,$AB$9=0,V48=""),"",IF(V48>=$G$2,V48+$AB$9,V48+$Z$9)) | AA48: =IF(OR($Z$9=0,$AB$9=0,W48=""),"",IF(W48>=$G$2,W48+$AB$9,W48+$Z$9)) | AB48: =IF(OR($Z$9=0,$AB$9=0,X48=""),"",IF(X48>=$G$2,X48+$AB$9,X48+$Z$9)) | AC48: =IF(OR($Z$9=0,$AB$9=0,Y48=""),"",IF(Y48>=$G$2,Y48+$AB$9,Y48+$Z$9)) | AD48: =IF(OR($AD$9=0,$AF$9=0,Z48=""),"",IF(Z48>=$G$2,Z48+$AF$9,Z48+$AD$9)) | AE48: =IF(OR($AD$9=0,$AF$9=0,AA48=""),"",IF(AA48>=$G$2,AA48+$AF$9,AA48+$AD$9)) | AF48: =IF(OR($AD$9=0,$AF$9=0,AB48=""),"",IF(AB48>=$G$2,AB48+$AF$9,AB48+$AD$9)) | AG48: =IF(OR($AD$9=0,$AF$9=0,AC48=""),"",IF(AC48>=$G$2,AC48+$AF$9,AC48+$AD$9)) | AH48: =IF(OR($AH$9=0,$AJ$9=0,AD48=""),"",IF(AD48>=$G$2,AD48+$AJ$9,AD48+$AH$9)) | AI48: =IF(OR($AH$9=0,$AJ$9=0,AE48=""),"",IF(AE48>=$G$2,AE48+$AJ$9,AE48+$AH$9)) | AJ48: =IF(OR($AH$9=0,$AJ$9=0,AF48=""),"",IF(AF48>=$G$2,AF48+$AJ$9,AF48+$AH$9)) | AK48: =IF(OR($AH$9=0,$AJ$9=0,AG48=""),"",IF(AG48>=$G$2,AG48+$AJ$9,AG48+$AH$9)) | AL48: =IF(OR($AL$9=0,$AN$9=0,AH48=""),"",IF(AH48>=$G$2,AH48+$AN$9,AH48+$AL$9)) | AM48: =IF(OR($AL$9=0,$AN$9=0,AI48=""),"",IF(AI48>=$G$2,AI48+$AN$9,AI48+$AL$9)) | AN48: =IF(OR($AL$9=0,$AN$9=0,AJ48=""),"",IF(AJ48>=$G$2,AJ48+$AN$9,AJ48+$AL$9)) | AO48: =IF(OR($AL$9=0,$AN$9=0,AK48=""),"",IF(AK48>=$G$2,AK48+$AN$9,AK48+$AL$9)) | AP48: =IF(OR($AP$9=0,$AR$9=0,AL48=""),"",IF(AL48>=$G$2,AL48+$AR$9,AL48+$AP$9)) | AQ48: =IF(OR($AP$9=0,$AR$9=0,AM48=""),"",IF(AM48>=$G$2,AM48+$AR$9,AM48+$AP$9)) | AR48: =IF(OR($AP$9=0,$AR$9=0,AN48=""),"",IF(AN48>=$G$2,AN48+$AR$9,AN48+$AP$9)) | AS48: =IF(OR($AP$9=0,$AR$9=0,AO48=""),"",IF(AO48>=$G$2,AO48+$AR$9,AO48+$AP$9)) | AT48: =IF(OR($AT$9=0,$AV$9=0,AP48=""),"",IF(AP48>=$G$2,AP48+$AV$9,AP48+$AT$9)) | AU48: =IF(OR($AT$9=0,$AV$9=0,AQ48=""),"",IF(AQ48>=$G$2,AQ48+$AV$9,AQ48+$AT$9)) | AV48: =IF(OR($AT$9=0,$AV$9=0,AR48=""),"",IF(AR48>=$G$2,AR48+$AV$9,AR48+$AT$9)) | AW48: =IF(OR($AT$9=0,$AV$9=0,AS48=""),"",IF(AS48>=$G$2,AS48+$AV$9,AS48+$AT$9)) | AX48: =IF(OR($AX$9=0,$AZ$9=0,AT48=""),"",IF(AT48>=$G$2,AT48+$AZ$9,AT48+$AX$9)) | AY48: =IF(OR($AX$9=0,$AZ$9=0,AU48=""),"",IF(AU48>=$G$2,AU48+$AZ$9,AU48+$AX$9)) | AZ48: =IF(OR($AX$9=0,$AZ$9=0,AV48=""),"",IF(AV48>=$G$2,AV48+$AZ$9,AV48+$AX$9)) | BA48: =IF(OR($AX$9=0,$AZ$9=0,AW48=""),"",IF(AW48>=$G$2,AW48+$AZ$9,AW48+$AX$9)) | BB48: =IF(OR($BB$9=0,$BD$9=0,AX48=""),"",IF(AX48>=$G$2,AX48+$BD$9,AX48+$BB$9)) | BC48: =IF(OR($BB$9=0,$BD$9=0,AY48=""),"",IF(AY48>=$G$2,AY48+$BD$9,AY48+$BB$9)) | BD48: =IF(OR($BB$9=0,$BD$9=0,AZ48=""),"",IF(AZ48>=$G$2,AZ48+$BD$9,AZ48+$BB$9)) | BE48: =IF(OR($BB$9=0,$BD$9=0,BA48=""),"",IF(BA48>=$G$2,BA48+$BD$9,BA48+$BB$9)) | BF48: =IF(OR($BF$9=0,$BH$9=0,BB48=""),"",IF(BB48>=$G$2,BB48+$BH$9,BB48+$BF$9)) | BG48: =IF(OR($BF$9=0,$BH$9=0,BC48=""),"",IF(BC48>=$G$2,BC48+$BH$9,BC48+$BF$9)) | BH48: =IF(OR($BF$9=0,$BH$9=0,BD48=""),"",IF(BD48>=$G$2,BD48+$BH$9,BD48+$BF$9)) | BI48: =IF(OR($BF$9=0,$BH$9=0,BE48=""),"",IF(BE48>=$G$2,BE48+$BH$9,BE48+$BF$9)) | BJ48: =IF(OR($BJ$9=0,$BL$9=0,BF48=""),"",IF(BF48>=$G$2,BF48+$BL$9,BF48+$BJ$9)) | BK48: =IF(OR($BJ$9=0,$BL$9=0,BG48=""),"",IF(BG48>=$G$2,BG48+$BL$9,BG48+$BJ$9)) | BL48: =IF(OR($BJ$9=0,$BL$9=0,BH48=""),"",IF(BH48>=$G$2,BH48+$BL$9,BH48+$BJ$9)) | BM48: =IF(OR($BJ$9=0,$BL$9=0,BI48=""),"",IF(BI48>=$G$2,BI48+$BL$9,BI48+$BJ$9)) | BN48: =IF(OR($BN$9=0,$BP$9=0,BJ48=""),"",IF(BJ48>=$G$2,BJ48+$BP$9,BJ48+$BN$9)) | BO48: =IF(OR($BN$9=0,$BP$9=0,BK48=""),"",IF(BK48>=$G$2,BK48+$BP$9,BK48+$BN$9)) | BP48: =IF(OR($BN$9=0,$BP$9=0,BL48=""),"",IF(BL48>=$G$2,BL48+$BP$9,BL48+$BN$9)) | BQ48: =IF(OR($BN$9=0,$BP$9=0,BM48=""),"",IF(BM48>=$G$2,BM48+$BP$9,BM48+$BN$9)) | BR48: =IF(OR($BR$9=0,$BT$9=0,BN48=""),"",IF(BN48>=$G$2,BN48+$BT$9,BN48+$BR$9)) | BS48: =IF(OR($BR$9=0,$BT$9=0,BO48=""),"",IF(BO48>=$G$2,BO48+$BT$9,BO48+$BR$9)) | BT48: =IF(OR($BR$9=0,$BT$9=0,BP48=""),"",IF(BP48>=$G$2,BP48+$BT$9,BP48+$BR$9)) | BU48: =IF(OR($BR$9=0,$BT$9=0,BQ48=""),"",IF(BQ48>=$G$2,BQ48+$BT$9,BQ48+$BR$9)) | BV48: =IF(OR($BV$9=0,$BX$9=0,BR48=""),"",IF(BR48>=$G$2,BR48+$BX$9,BR48+$BV$9)) | BW48: =IF(OR($BV$9=0,$BX$9=0,BS48=""),"",IF(BS48>=$G$2,BS48+$BX$9,BS48+$BV$9)) | BX48: =IF(OR($BV$9=0,$BX$9=0,BT48=""),"",IF(BT48>=$G$2,BT48+$BX$9,BT48+$BV$9)) | BY48: =IF(OR($BV$9=0,$BX$9=0,BU48=""),"",IF(BU48>=$G$2,BU48+$BX$9,BU48+$BV$9)) | BZ48: =IF(OR($BZ$9=0,$CB$9=0,BV48=""),"",IF(BV48>=$G$2,BV48+$CB$9,BV48+$BZ$9)) | CA48: =IF(OR($BZ$9=0,$CB$9=0,BW48=""),"",IF(BW48>=$G$2,BW48+$CB$9,BW48+$BZ$9)) | CB48: =IF(OR($BZ$9=0,$CB$9=0,BX48=""),"",IF(BX48>=$G$2,BX48+$CB$9,BX48+$BZ$9)) | CC48: =IF(OR($BZ$9=0,$CB$9=0,BY48=""),"",IF(BY48>=$G$2,BY48+$CB$9,BY48+$BZ$9)) | CD48: =IF(OR($CD$9=0,$CF$9=0,BZ48=""),"",IF(BZ48>=$G$2,BZ48+$CF$9,BZ48+$CD$9)) | CE48: =IF(OR($CD$9=0,$CF$9=0,CA48=""),"",IF(CA48>=$G$2,CA48+$CF$9,CA48+$CD$9)) | CF48: =IF(OR($CD$9=0,$CF$9=0,CB48=""),"",IF(CB48>=$G$2,CB48+$CF$9,CB48+$CD$9)) | CG48: =IF(OR($CD$9=0,$CF$9=0,CC48=""),"",IF(CC48>=$G$2,CC48+$CF$9,CC48+$CD$9)) | CH48: =IF(OR($CH$9=0,$CJ$9=0,CD48=""),"",IF(CD48>=$G$2,CD48+$CJ$9,CD48+$CH$9)) | CI48: =IF(OR($CH$9=0,$CJ$9=0,CE48=""),"",IF(CE48>=$G$2,CE48+$CJ$9,CE48+$CH$9)) | CJ48: =IF(OR($CH$9=0,$CJ$9=0,CF48=""),"",IF(CF48>=$G$2,CF48+$CJ$9,CF48+$CH$9)) | CK48: =IF(OR($CH$9=0,$CJ$9=0,CG48=""),"",IF(CG48>=$G$2,CG48+$CJ$9,CG48+$CH$9)) | CL48: =IF(OR($CL$9=0,$CN$9=0,CH48=""),"",IF(CH48>=$G$2,CH48+$CN$9,CH48+$CL$9)) | CM48: =IF(OR($CL$9=0,$CN$9=0,CI48=""),"",IF(CI48>=$G$2,CI48+$CN$9,CI48+$CL$9)) | CN48: =IF(OR($CL$9=0,$CN$9=0,CJ48=""),"",IF(CJ48>=$G$2,CJ48+$CN$9,CJ48+$CL$9)) | CO48: =IF(OR($CL$9=0,$CN$9=0,CK48=""),"",IF(CK48>=$G$2,CK48+$CN$9,CK48+$CL$9)) | CP48: =IF(OR($CP$9=0,$CR$9=0,CL48=""),"",IF(CL48>=$G$2,CL48+$CR$9,CL48+$CP$9)) | CQ48: =IF(OR($CP$9=0,$CR$9=0,CM48=""),"",IF(CM48>=$G$2,CM48+$CR$9,CM48+$CP$9)) | CR48: =IF(OR($CP$9=0,$CR$9=0,CN48=""),"",IF(CN48>=$G$2,CN48+$CR$9,CN48+$CP$9)) | CS48: =IF(OR($CP$9=0,$CR$9=0,CO48=""),"",IF(CO48>=$G$2,CO48+$CR$9,CO48+$CP$9)) | CT48: =IF(OR($CT$9=0,$CV$9=0,CP48=""),"",IF(CP48>=$G$2,CP48+$CV$9,CP48+$CT$9)) | CU48: =IF(OR($CT$9=0,$CV$9=0,CQ48=""),"",IF(CQ48>=$G$2,CQ48+$CV$9,CQ48+$CT$9)) | CV48: =IF(OR($CT$9=0,$CV$9=0,CR48=""),"",IF(CR48>=$G$2,CR48+$CV$9,CR48+$CT$9)) | CW48: =IF(OR($CT$9=0,$CV$9=0,CS48=""),"",IF(CS48>=$G$2,CS48+$CV$9,CS48+$CT$9))
